id,name,position,brief,investStart,investCount,investNextPhase,investQuit,investPhases,investLimit,investPlan,focusIntustry,city
1,谢波,启赋资本 • 投资总监,曾创办：博颖科技、善思科技；曾投资：考拉先生、巴图鲁、Mobido、金华佗。,2014,5,2,,种子轮/天使轮、Pre-A 轮、A 轮,300W - 3000W 人民币,10 个,汽车、医疗健康、人工智能、B2B、SaaS,广州、深圳
2,子柳,阿里早期员工 • 前淘宝技术大学校长,天使投资人,2014,3,3,,种子轮/天使轮、Pre-A 轮、A 轮,50W - 1000W 人民币,未确定,社交、O2O,杭州
3,赵阳,险峰华兴创业投资 • 副总裁,曾投资：财富桥、链农、抱抱、懂球帝、抱抱、Mono、医加壹等,2013,15,10,,种子轮/天使轮、Pre-A 轮、A 轮,100W - 2000W 人民币,10 个,金融、农业、社交、B2B、撮合交易平台,北京
4,徐佳欢,盈动投资 • 高级投资经理,曾参与投资：巴别鸟，哪上班，每人计。关注企业服务与分享经济。,2014,3,,,种子轮/天使轮、Pre-A 轮、A 轮,100W - 2000W 人民币,5 个,商业智能/BI、大数据、企业级应用/服务、B2B、SaaS,上海、杭州
5,李波,峰谷资本 • 合伙人,曾投资：联创工场、盛景网联、阿尔法公社、晨晖创投等。,2007,12,7,5,种子轮/天使轮、Pre-A 轮、A 轮,100W - 3000W 人民币,6 个,金融、旅游、企业级应用/服务、新制造业、新内容生态,北京
6,钟立,太冠资本 • 合伙人,曾投资：啪啪三国、i4手机助手、Vshare、米粒影业、乔布堂、手机贷等。,2011,30,18,3,种子轮/天使轮、Pre-A 轮,100W - 500W 人民币,15 个,娱乐、O2O,北京、上海、深圳、杭州、苏州
7,徐建海,险峰华兴 • 投资经理,曾投资：企查查，拓实医疗。,2013,4,4,,种子轮/天使轮、Pre-A 轮,100W - 1000W 人民币,12 个,金融、农业、视频、企业级应用/服务、撮合交易平台,北京、上海、深圳、杭州、苏州
8,杨俊哲,InnoSpace • 投资主管,曾创办：WeCampus。曾投资：VEO、1KE、盈行家。,2015,10,2,,种子轮/天使轮,10W - 300W 人民币,10 个,VR、人工智能、自动化、企业级应用/服务、技术创新,北京、上海、广州、杭州
9,蓝康泰,信天创投 • 投资经理,曾投资：小雨伞保险、物银通、法大大,2014,3,1,,种子轮/天使轮、Pre-A 轮,100W - 1500W 人民币,5 个,金融、智能硬件、农业、企业级应用/服务,上海、广州、深圳、杭州、厦门
10,崔婧,光源资本 • 合伙人,曾投资：快用、APP每日推送、锁屏精灵、多听、生日管家、日志宝、极客公园等,2010,17,9,2,种子轮/天使轮、A 轮,100W - 500W 人民币,10 个,海外市场、媒体咨询、娱乐、O2O、撮合交易平台,北京、上海
11,宋鹏程,Arbor Ventures • Associate, 关注互联网金融，金融科技；曾投资陆金所,2010年,,,,Pre-A 轮、A 轮,0W - 900W 人民币,10 个,金融、商业智能/BI,北京、上海、深圳
12,郭路,诺基亚成长伙伴基金 • 执行董事,曾投资：美餐网、Zubie等。寻找”杀手级“的应用。,2010,15,,,A 轮、B 轮,20W - 6000W 人民币,4 个,O2O、汽车、交通、教育、娱乐、物联网,北京、上海、深圳、杭州
13,林路,北极光创投 • 副总裁,曾投资：邢帅教育、APICloud、选课网等。,2012,6,3,,种子轮/天使轮、Pre-A 轮、A 轮、B 轮,500W - 9000W 人民币,3 个,教育培训、云服务、大数据、安全、企业级应用/服务,北京
14,李康林（八戒）,天图资本 • 合伙人,曾投资：泡否、住百家、Teaone、饭扫光等。,2007,25,10,2,种子轮/天使轮、Pre-A 轮,50W - 500W 人民币,20 个,消费互联网、吃喝玩乐、社交、消费升级,上海
15,孙培麟,创新工场 • 投资经理,曾投资：快按钮、broadlink，太火鸟，悦跑圈，美骑等。,2013,11,5,,种子轮/天使轮、Pre-A 轮、A 轮,300W - 3000W 人民币,3 个,体育运动、代步出行、生活美学消费品、新品牌、智能硬件,北京、广州、深圳、杭州
16,胡浪涛,中美创投 • 执行合伙人,曾投资：中青宝，蓝盾股份，慈文影视，天晟新材，神州高铁等。,2008,30,10,6,种子轮/天使轮、Pre-A 轮、A 轮,200W - 2000W 人民币,20 个,新媒体、海外市场、智能硬件、文创、社区,北京、上海、广州、深圳、杭州
17,曾峥,启赋资本 • 联合创始合伙人,曾投资：考拉先生、就医160、国泰安、品尚红酒、天地一号。有连锁酒店创业和管理经验的投资人，关注产业互联网、O2O。,2009,20,8,2,种子轮/天使轮、Pre-A 轮、A 轮,500W - 1000W 人民币,15 个,产业互联网、O2O、社区、电商平台、B2B,北京、上海、广州、深圳
18,吴璞,逐鹿资本 • 合伙人,曾投资：牛班，第一弹，岂安科技。,2015,3,2,1,种子轮/天使轮,50W - 500W 人民币,10 个,文创、动漫、工具应用/平台、SaaS、技术创新,北京、上海、深圳、成都
19,吴正宇,德沃基金 • 创始合伙人,曾投资：融360、摩贝信息、大特保等。,2011,26,10,,种子轮/天使轮、A 轮,100W - 600W 人民币,20 个,人工智能、B2B,北京、上海
20,姚银铧,龙渊云腾游戏基金 • 合伙人,曾投资：火柴人联盟,2015,2,,,种子轮/天使轮、Pre-A 轮,300W - 500W 人民币,5 个,VR、手游、动漫、娱乐、社交,北京、深圳
21,吴旦,真格基金 • 副总裁,曾投资：影之刃、超级英雄。擅长游戏产业链的资源整合。,2014,12,4,,种子轮/天使轮,60W - 600W 人民币,5 个,游戏动漫、娱乐、企业级应用/服务、B2B,北京、深圳
22,高媛媛,联想之星 • 高级投资顾问,关注新消费、女性消费、生活方式等与美好生活相关的项目。,2015,,,,种子轮/天使轮、Pre-A 轮、A 轮,100W - 1000W 人民币,6 个,女性、新媒体、消费互联网、生活方式、吃喝玩乐,北京
23,赖晓凌,创新工场 • 合伙人,曾投资：美图、泰捷视频、天天用车、博湃养车、买好车等。,2007,20,15,,Pre-A 轮、A 轮、B 轮,600W - 6000W 人民币,5 个,汽车、交通、技术创新、O2O、新制造业,北京、上海、深圳
24,张舒峣,云天使基金 • 投资经理,关注：云计算&智能硬件,2015,,,,种子轮/天使轮,0W - 600W 人民币,3 个,智能硬件、大数据、云服务、企业级应用/服务,北京
25,杨涛,信天创投 • 高级投资经理,前腾讯、高德地图产品经理。曾投资：闪电报销、拼豆夜宵、财鱼管家、The L。,2014,7,3,,种子轮/天使轮、Pre-A 轮、A 轮,50W - 2000W 人民币,20 个,医疗健康、金融、智能硬件、企业级应用/服务、O2O,北京
26,周路康,东方富海 • 投资经理,曾参与投资：婚礼猫、唱吧、永洪科技。,2015,,,,种子轮/天使轮、Pre-A 轮、A 轮、B 轮、C 轮,100W - 5000W 人民币,3 个,新媒体、新内容生态、消费互联网、人工智能、自动化,北京
27,程仁田,达晨创投 • 华南TMT投资部总经理,曾投资：上海语镜、深圳泰久。,2012,2,2,,A 轮、B 轮,1000W - 10000W 人民币,2 个,产业互联网、物联网、B2B、撮合交易平台、SaaS,上海、深圳、杭州
28,庄明浩,经纬中国 • 高级投资经理,曾投资：七牛、蝴蝶互动、8868、玖果吧等。会做PPT，习惯性毒舌，理念飘忽的投资人,2010,20,15,,种子轮/天使轮、A 轮,200W - 3000W 人民币,5 个,社交、游戏动漫、媒体资讯,北京、上海、深圳
29,郑兰,博派资本 • 合伙人,刀塔传奇早期投资人，看重流量入口和内容生态。,2010,30,11,,种子轮/天使轮,100W - 600W 人民币,15 个,游戏动漫、智能硬件、娱乐、内容聚合、流量分发,北京、上海、深圳、成都
30,熊伟铭,华创资本 • 合伙人,曾投资：蘑菇街、多盟、傲游、么么嗖、猎上网等。,2005,30,28,5,种子轮/天使轮、Pre-A 轮、A 轮,0W - 3000W 人民币,10 个,医疗健康、商业智能/BI、人工智能、消费互联网、B2B,北京
31,高翔,高榕资本 • 创始合伙人,曾投资：91手机助手、土豆网、3G门户、刀塔传奇等。,2002,40,20,5,种子轮/天使轮、A 轮、B 轮,100W - 10000W 人民币,10 个,智能硬件、技术创新,北京、上海、广州、深圳、杭州
32,朱贵堂,腾讯产业共赢基金 • 投资经理,曾投资：乐逗游戏，银汉科技，好买基金网，每日优鲜。,2012,10,9,3,种子轮/天使轮、Pre-A 轮、A 轮、B 轮、C 轮,500W - 50000W 人民币,5 个,金融、生鲜、农业、海淘、O2O,北京、上海、深圳
33,付利军,英诺天使投资 • 合伙人,曾投资：上海格科微电子有限公司，上海晶丰明源半导体有限公司，莞精研粉体有限公司 ，上海汉枫电子有限公司。,2005,10,4,,Pre-A 轮,0W - 500W 人民币,5 个,互联网,上海
34,石矛,中路资本 • 合伙人,曾投资：生意专家、数赢信息、百草科技、远为软件等。,2013,7,3,,种子轮/天使轮、Pre-A 轮、A 轮,200W - 2000W 人民币,10 个,O2O、企业级应用/服务、医疗健康、电商平台,上海
35,何超怡,险峰华兴 • 投资经理,曾投资：车置宝，巴别鸟，报修一站通，来一火。,2013,4,2,,种子轮/天使轮、Pre-A 轮,0W - 600W 人民币,未确定,金融、B2B、O2O、电商平台,北京、上海、杭州
36,黄智毅,中美创投 • 管理合伙人,曾投资：泡椒网，信用宝，看看，赛格诺基因。青睐创新及真正解决用户需求的团队。,2014,20,15,4,种子轮/天使轮、Pre-A 轮,100W - 3000W 人民币,15 个,B2B、达人/明星粉丝、金融、工具应用/平台、分享经济,北京、上海、深圳
37,刘维,联想之星 • 合伙人,曾投资：Face++、思必驰、好买衣、点乐、铁皮人、有壹手 、欧瑞博、丁盯、爱败妈妈等,2003,60,45,20,种子轮/天使轮、Pre-A 轮、A 轮,100W - 1500W 人民币,20 个,企业级应用/服务、兴趣图谱、人工智能、商业智能/BI、智能硬件,北京
38,柳阳,鼎聚投资 • 创始合伙人,曾投资：恒生电子、行悦信息、时空电动汽车等。,2015,,,,种子轮/天使轮、Pre-A 轮,50W - 500W 人民币,8 个,移动互联网、互联网金融、新能源,杭州
39,张晓丹,小米战略投资部 • 分析师,小米内容生态投资。曾参与投资：天马时空。,2014,12,2,1,种子轮/天使轮、Pre-A 轮、A 轮,200W - 2000W 人民币,5 个,文创、娱乐、手游,北京
40,李欧成,光年路由器 • 联合创始人,曾投资：光年路由器、北京诏兰、开拍网。,2008,3,3,,种子轮/天使轮、Pre-A 轮,50W - 300W 人民币,5 个,物联网、智能家居、O2O,北京、上海、深圳
41,高良平,中路资本 • 合伙人,曾投资：微差事、淡蓝网Blued、易淘食、来一火。,2012,8,5,2,种子轮/天使轮、Pre-A 轮、A 轮,0W - 1000W 人民币,5 个,女性、兴趣图谱、图片、社交、B2B,上海
42,常亮,IDG资本 • 投资经理,曾投资：脸萌、追梦网等,2012,8,4,,种子轮/天使轮、Pre-A 轮、A 轮、B 轮,0W - 3000W 人民币,8 个,娱乐、社交、游戏动漫、文化、媒体资讯、O2O、人机交互、人工智能、商业智能/BI、企业应用/服务,北京、上海、广州、深圳、杭州、成都、厦门、苏州
43,侯琢,君联资本 • 副总裁,曾创办凌云科技，中青意达。曾投资：新银河、点乐、微播、音米、Wish等。,2011,15,8,1,Pre-A 轮、A 轮、B 轮,1000W - 12000W 人民币,6 个,本地生活、汽车、金融、工具应用/平台、社交,北京
44,吴峰,北极光创投 • 执行董事,曾投资：墨迹天气、Talking data、APUS等。,2009,15,12,,A 轮、B 轮,600W - 6000W 人民币,5 个,海外市场、医疗健康、分享经济、工具应用/平台,北京、上海、深圳、杭州
45,张蕾,贝塔斯曼亚洲投资基金 • 投资经理,曾投资：笨鸟海淘，宅米。,2011,3,,,种子轮/天使轮、Pre-A 轮、A 轮,600W - 3000W 人民币,4 个,消费互联网、新型物流、人工智能、大数据、餐饮,北京
46,秦捷,云天使基金 • 合伙人,曾投资：杏树林，凌云智能，MakeBlock，销售易，麦客。,2012,26,14,,种子轮/天使轮、Pre-A 轮,200W - 1000W 人民币,10 个,人工智能、物联网、企业级应用/服务、云服务,北京、上海
47,谢冉,险峰华兴 • 投资经理,曾投资：血影，炊烟小厨。,2014,8,1,,种子轮/天使轮、Pre-A 轮,50W - 500W 人民币,未确定,娱乐、社区、社交、O2O、手游,北京、上海、广州、深圳
48,项建标（大象）,盈动投资 • 创始合伙人,创办B座12楼。曾投资：in、树熊网络、橙牛违章管家、Bong等。,2009,30,18,7,种子轮/天使轮、Pre-A 轮,100W - 1500W 人民币,20 个,消费互联网、智能硬件、本地生活、企业级应用/服务、O2O,杭州
49,王淮,线性资本 • 创始合伙人,曾投资：酷家乐，点融，百姓网，大众点评，驴妈妈，同盾，fir.im。,2012,45,16,4,种子轮/天使轮、Pre-A 轮、A 轮,200W - 1000W 人民币,15 个,智能硬件、物联网、人工智能、社交,北京、上海、深圳、杭州
50,蒋舜,盈动投资 • 合伙人,曾投资：树熊网络、59store、尚妆网、点到、野狗、住两天、开始众筹等。,2013,15,8,1,Pre-A 轮,50W - 1500W 人民币,10 个,金融、智能硬件、商业智能/BI、企业级应用/服务、O2O,杭州
51,魏进,德沃基金 • 投资经理,曾投资：大特保、砖家、酒小秘、好木多、卡尔配达、投友圈、网贷天眼,2015,,,,种子轮/天使轮,0W - 0W 人民币,未确定,金融、B2B、撮合交易平台,上海
52,陈尘,景林投资 • 董事,曾投资：大众点评、达达快递、迈外迪、亿觅、雷锋网、淘粉吧、Gitcafe、聚爱才等。,2010,16,16,,Pre-A 轮、A 轮、B 轮、C 轮、D 轮、D 轮以上,500W - 5000W 人民币,6 个,互联网金融、企业级应用/服务、O2O、撮合交易平台、分享经济,北京、上海、深圳
53,顾大宇,杭州攻壳科技有限公司 • CEO,曾投资：KnewOne 、每人计。 智能硬件投资找顾大宇,2014,3,,,种子轮/天使轮、A 轮,300W - 3000W 人民币,20 个,智能硬件,深圳、杭州
54,蒋宇捷,信天创投 • 合伙人,百度魔图创始人。曾投资：美味不用等、闪电报销、婚趣、theL、拼豆夜宵等。,2015,12,7,,种子轮/天使轮、Pre-A 轮、A 轮,100W - 2000W 人民币,15 个,O2O、VR、互联网金融、餐饮、B2B,北京、上海、深圳
55,闻凯,凯旋创投 Keytone Ventures • 副总裁,曾投资：Yodo1、Nexenta、Massive Impact、乐看儿童等。,2010,16,13,6,种子轮/天使轮、Pre-A 轮、A 轮、B 轮,500W - 15000W 人民币,10 个,海外市场、金融、教育培训、社交、人工智能,北京、上海、广州、深圳、杭州、成都、海外
56,李治国,阿米巴资本 • 管理合伙人, 曾投资：快的打车、蘑菇街,2010,5,4,,种子轮/天使轮、Pre-A 轮,0W - 300W 人民币,未确定,互联网金融、生活服务、医疗健康、网络安全,上海、杭州
57,邓菁,顺为资本 • 副总裁,曾投资：500wan彩票网、白鹭引擎等。,2013,5,3,,A 轮,3000W - 6000W 人民币,5 个,撮合交易平台、电商、消费电子、生活方式,北京、上海、广州
58,李牧晴,执一资本 • 合伙人,曾投资：房多多等,2005,9,7,,A 轮,2000W - 15000W 人民币,未确定,房产、O2O,北京、上海
59,李延丰,坚果资本 • 投资总监,曾投资：美车美品、先行网络、来肯在线、维运网,2015,5,,,种子轮/天使轮、Pre-A 轮、A 轮,200W - 3000W 人民币,10 个,B2B、电商平台,北京、上海、深圳、厦门
60,胡博予,蓝湖资本 • 合伙人,曾投资：豌豆荚、优信拍、51Talk等。一个理想主义的创业者兼产品极客,2009,8,6,,Pre-A 轮、A 轮、B 轮,600W - 9000W 人民币,5 个,O2O、B2B、兴趣图谱,北京、上海
61,韩彦,光速安振中国基金 • 合伙人,曾投资：途家、房多多、美乐乐、足记、运满满、杏仁医生等,2008,25,15,,种子轮/天使轮、Pre-A 轮、A 轮、B 轮,100W - 10000W 人民币,10 个,社交、B2B、O2O、分享经济,北京、上海、深圳、杭州
62,孙志超,创新工场 • 投资经理,曾投资：甜瓜在线、轩意网络、仕堃科技等。,2014,5,1,,种子轮/天使轮、Pre-A 轮、A 轮,100W - 1000W 人民币,5 个,新媒体、文创、娱乐、新内容生态、二次元,北京、上海
63,顾旻曼,真格基金 • 投资总监,曾投资：大姨吗、FitTime睿健时代等。,2011,21,7,,种子轮/天使轮,50W - 600W 人民币,20 个,智能硬件、工具软件、企业级应用/服务,北京、上海、广州、深圳、杭州
64,徐炜,执一资本 • 早期投资,曾投资旅游 、金融、分享经济里的相关项目,2012,5,3,,Pre-A 轮、A 轮,600W - 50000W 人民币,5 个,汽车、智能硬件、分享经济、互联网金融,北京、上海、广州、深圳、杭州
65,汪天凡,贝塔斯曼亚洲投资基金 • 投资经理,"曾投资：Keep，妙计旅行，小站教育，MONO, 兔卡二手车，企鹅吃喝指南，职业梦，托福easy姐，车轮，易酒批等。",2011,10,4,,种子轮/天使轮、Pre-A 轮、A 轮、B 轮、C 轮、D 轮、D 轮以上,100W - 6000W 人民币,5 个,技术创新、金融、教育培训、汽车、机器人,北京、上海、深圳、杭州
66,王刚,个人 • 天使投资人,曾投资：滴滴打车、养车点点、运满满、友友租车、盈盈理财。,,70,55,,种子轮/天使轮、Pre-A 轮,100W - 300W 人民币,30 个,生活方式、B2B、O2O,北京、杭州
67,王维玮,华映资本 • 董事,曾投资：艾德思奇，微盟，小恩爱，品众互动，聚橙网等。,2010,25,20,,Pre-A 轮、A 轮,500W - 4000W 人民币,8 个,消费升级、移动互联网、文化新媒体,北京、上海
68,丁海鹏,贝塔斯曼亚洲投资基金 • 合伙人,曾投资：蘑菇街、UCloud、团车网、iClick、分期乐、拉勾网、大姨吗、春雨医生等,2007,20,15,1,A 轮、B 轮、C 轮,1000W - 20000W 人民币,8 个,社交、电商、智能硬件、工具应用/平台、企业级应用/服务,北京、上海、广州、深圳、杭州
69,杨轩,曲速资本 • 管理合伙人,曾投资：虎嗅、微拍、SegmentFault、车商通、房产销冠、缔安科技、雷科技等。,2011,15,6,3,种子轮/天使轮、Pre-A 轮、A 轮,50W - 1000W 人民币,15 个,金融、O2O、SaaS、分享经济,北京、上海、深圳、杭州、海外
70,滑雪,心元资本 • 合伙人,曾投资：对味、昂腾智造、特赞等。,2011,10,5,,种子轮/天使轮,100W - 300W 人民币,10 个,海外市场、医疗健康、教育培训、消费互联网、工具软件,北京、上海
71,王欣,零一创投 • 助理副总裁,曾投资：比菜价，搜芽。关注B2B交易平台、企业服务SaaS、电商、金融及物流领域,2014,3,1,,种子轮/天使轮、Pre-A 轮、A 轮,200W - 2000W 人民币,10 个,金融、企业级应用/服务、B2B、O2O、电商平台,北京、上海、深圳
72,凌代鸿,旦恩创投 • 创始合伙人,"曾投资：收货宝，迪纳科技，恒源汽车，云联科技等。寻找""工业4.0""项目",2008,43,31,1,Pre-A 轮、A 轮,200W - 3000W 人民币,15 个,医疗健康、文创、O2O,北京、上海、广州、深圳
73,郝菁菁,中路资本 • 副总裁,曾投资：甜派、爱牙等。,2012,9,5,,种子轮/天使轮、Pre-A 轮,100W - 1000W 人民币,10 个,母婴、女性、消费互联网、O2O、B2B,上海
74,韩冰,险峰华兴 • 副总裁,曾投资：美柚、寓见、融誉、领鲜、Fittime,2012,29,14,1,种子轮/天使轮、Pre-A 轮,50W - 1000W 人民币,15 个,女性、新内容生态、农业、生活方式、社区、B2B、O2O,上海
75,潘翔,光速安振中国基金  • 副总裁,曾投资：e代驾、青云、运满满、易快修。关注汽车、O2O和社交类产品。,2011,5,3,,A 轮,500W - 5000W 人民币,5 个,汽车、交通、O2O、社交,北京、上海、杭州
76,姚海波,复星昆仲资本 • 执行董事,曾投资：随手记、柔宇科技、FORMAX、英威诺、极光推送（jpush）,2006,30,30,,种子轮/天使轮、Pre-A 轮、A 轮,0W - 12000W 人民币,5 个,互联网金融、智能硬件、O2O、B2B、企业级应用/服务,北京、上海、广州、深圳、厦门、珠海
77,段誉,顺为资本 • 投资经理,曾投资：云造电动车、Yeelight、 硬派健身、知米英语等。,2013,12,10,,Pre-A 轮、A 轮,300W - 2000W 人民币,5 个,消费电子、机器人、农业、地产、智能硬件,北京、深圳
78,李恒,德同资本 • 投资经理,曾投资：海润影视，汉鼎咨询，影谱科技，疯贴，节操精选。,2010,5,3,,种子轮/天使轮、Pre-A 轮、A 轮,100W - 4000W 人民币,3 个,二次元、内容聚合、社交、图片、新内容生态,北京
79,丛真,经纬中国 • 合伙人,曾投资：有赞、饿了么、JUJU、美味不用等、爱拍等。,2007,25,25,,种子轮/天使轮、Pre-A 轮,500W - 3000W 人民币,未确定,O2O、二次元、新内容生态、房产,北京、上海、广州、深圳、杭州
80,郑恺还,德同资本 • 投资总监,曾投资：e家洁。,2011,10,4,,A 轮、B 轮、D 轮以上,0W - 6000W 人民币,5 个,消费、O2O、汽车,北京、杭州
81,程果,中路资本 • 合伙人,曾投资：正益无线，来一火，悦体。,2013,5,3,,种子轮/天使轮、Pre-A 轮,100W - 500W 人民币,3 个,社交、O2O,上海
82,蒋文,小米投资部 • 内容业务负责人,曾投资：爱奇艺、华策、天马时空、黑金时尚。,2012,15,4,1,种子轮/天使轮、Pre-A 轮、A 轮,200W - 2000W 人民币,10 个,娱乐、新内容生态、二次元、手游、动漫,北京
83,韩建明,弘鹰投资 • 投资总监,曾投资：惠锁屏、星河互动、爱购网等。,2010,7,3,,种子轮/天使轮、Pre-A 轮、A 轮,300W - 2000W 人民币,4 个,消费互联网、智能硬件、物联网、手游、大数据,广州、深圳
84,王秋,戈壁投资 • 投资总监,曾投资：聚富科技，Oculii，国科天成，索福人能源等。,2013,4,2,,种子轮/天使轮、Pre-A 轮、A 轮,100W - 6000W 人民币,3 个,VR、汽车、农业、商业智能/BI、新制造业,北京
85,于隽,人人公司 • 战略发展部总监,曾投资：金斧子、罗计物流、快狗快运等。,2013,13,,,Pre-A 轮、A 轮、B 轮、C 轮,200W - 60000W 人民币,15 个,金融、物联网、智能硬件、汽车、B2B,北京
86, 蒋雨潇,云天使基金 • 分析师,曾参与投资：麦客、销售易、worktile、杏树林,2015,1,1,,种子轮/天使轮、Pre-A 轮,100W - 600W 人民币,10 个,VR、旅游、SaaS、分享经济、技术创新,北京
87,俞一锟,熊猫资本 •  投资经理,曾投资：Lookingplas，家十分。熊猫资本，把你当宝,2015,,,,种子轮/天使轮、Pre-A 轮、A 轮,500W - 5000W 人民币,6 个,金融、消费互联网、地产、汽车、O2O,上海
88,胡磊,蓝湖资本 • 合伙人,曾投资：去哪儿、美丽说、世纪互联等。,2007,20,18,,A 轮、B 轮,1000W - 10000W 人民币,10 个,互联网金融、社交、分享经济,北京、上海
89,王昊,成为资本 • 副总裁,曾投资：OneAPM，小鱼在家，极飞无人机，云之讯，蜻蜓FM，Sila nano等。,2012,7,7,,Pre-A 轮、A 轮、B 轮,1000W - 8000W 人民币,5 个,智能硬件、社区、撮合交易平台、SaaS、分享经济,上海
90,周晔,软银中国资本 • 执行董事,曾投资：好屋中国、学习宝、八爪鱼在线旅游、TalkingData、咕咚、易贷网等。,2011,9,4,,种子轮/天使轮、Pre-A 轮、A 轮、B 轮、C 轮,500W - 150000W 人民币,5 个,B2B、撮合交易平台、O2O、工具应用/平台、技术创新,北京、上海、深圳、杭州
91,高亚捷,真顺投资 • 投资经理,曾投资：虾baby，闪电刷。,2015,2,1,,种子轮/天使轮、Pre-A 轮、A 轮,100W - 1000W 人民币,6 个,金融、智能硬件、工具应用/平台、B2B、分享经济,北京、上海、广州、深圳、杭州
92,谷承文,晨兴创投 • 投资经理,曾投资：蜜桃、大黄蜂。,2010,5,2,,种子轮/天使轮、Pre-A 轮、A 轮,300W - 3000W 人民币,5 个,电商、消费升级、分享经济、O2O,北京、上海、广州、深圳
93,孙国昕,软银中国资本 • 高级投资经理,曾投资：苏利化学、泰坦科技、泰昌健康、易家科技。,2012,6,5,2,A 轮、B 轮,200W - 5000W 人民币,3 个,分享经济、产业互联网、撮合交易平台、达人/明星粉丝、生活方式,上海
94,曹曦,红杉资本中国 • 副总裁,曾投资：好贷、斗鱼、爱鲜峰、懂球帝、晶合思动。,2011,20,15,,Pre-A 轮、A 轮、B 轮,600W - 5000W 人民币,5 个,娱乐、社区、社交、O2O,北京、上海、深圳
95,刘旭伟,竞技世界 • 投资副总裁,曾投资：芯联达、九十九网络、美尔贝、甜心摇滚沙拉、楼下100等。,2011,7,3,,Pre-A 轮、A 轮、B 轮,200W - 5000W 人民币,8 个,O2O、医疗健康、女性、消费互联网、互联网金融,北京
96,吴莹,红杉资本中国 • 投资经理,曾投资：触宝、更美、TT快车等。,2010,10,10,,种子轮/天使轮、Pre-A 轮、A 轮、B 轮,100W - 40000W 人民币,未确定,汽车、O2O、B2B,北京、上海
97,杨玥,光信资本 • 投资经理,曾投资：明星衣橱，一亩田。,2012,10,9,,Pre-A 轮、A 轮、B 轮,500W - 10000W 人民币,6 个,电商、O2O、金融、教育,北京、上海
98,李杨,达晨创投 • 投资总监,冬日中医联合创始人及天使。曾投资：Yoho！有货、南讯客道Crm、好慷家政在线、他趣等。,2011,5,2,1,A 轮、B 轮,1000W - 10000W 人民币,5 个,消费互联网、O2O、电商平台、SaaS,北京、上海、厦门
99,林均全,新进创投 • 高级投资经理,曾投资：107间，闻题鸟，Histarter 。,2013,70,25,,种子轮/天使轮、Pre-A 轮,50W - 1000W 人民币,50 个,O2O、消费互联网、金融、文创、医疗健康,上海
100,左健,海捷投资 • 合伙人,曾投资：上海庆科，乐奇足球 ，博合智慧。,1997,44,35,,种子轮/天使轮、Pre-A 轮,300W - 2000W 人民币,20 个,人工智能、互联网金融、物联网、智能硬件,北京、上海、广州、深圳
101,吴运龙,零一资本 • 创始合伙人,曾投资找钢网、A8。 寻找“10亿美金”idea,2015,35,25,5,Pre-A 轮、A 轮,300W - 2000W 人民币,10 个,撮合交易平台、工具软件、娱乐,北京、深圳、杭州
102,陆宏宇,德同资本 • 合伙人,曾投资：节操精选、影谱科技。,2012,10,8,2,种子轮/天使轮、Pre-A 轮、A 轮、B 轮、C 轮、D 轮、D 轮以上,200W - 10000W 人民币,10 个,新媒体、金融、广告、社交、撮合交易平台,北京、上海、广州、深圳、杭州、成都
103,段斌,乐游资本 • 创始合伙人,曾投资：鲜榨喜剧、Seneoro、百彩嘉、中捷代购。,2010,11,7,,种子轮/天使轮,50W - 500W 人民币,10 个,动漫、新内容生态、娱乐、新媒体、手游,北京、上海
104,李潇,愉悦资本/Joy capital • 创始合伙人,曾投资：途虎养车、车轮、铜板街、牛股王、小猪、优客逸家、天神互动、乐逗、乐动卓越、新银河等,2011,18,12,3,种子轮/天使轮、Pre-A 轮、A 轮、B 轮,800W - 20000W 人民币,5 个,海外市场、消费互联网、O2O、分享经济,北京
105,潘汉彬,盈动投资 • 投资总监,曾投资：康众汽配、贝登科技,2013,5,2,,种子轮/天使轮、Pre-A 轮、A 轮,50W - 3000W 人民币,5 个,汽车、大数据、企业级应用/服务、B2B、O2O,杭州、其他
106,胡海清,浅石创投 • 合伙人,曾投资：博纳影业、爱康国宾、理邦仪器、科锐国际、果麦文化、卓正医疗、好牙医。,2007,15,15,3,种子轮/天使轮、Pre-A 轮、A 轮,100W - 1500W 人民币,10 个,O2O,北京、上海、广州、深圳、杭州
107,陈悦天,创新工场 • 投资总监,曾投资：Fork叉子相机、SNH48、翻翻动漫、绘梦文化、半次元、橙光66RPG、墨明棋妙等。,2013,23,6,,Pre-A 轮、A 轮,600W - 3000W 人民币,10 个,新媒体、文创、娱乐、新内容生态、VR,北京、上海
108,梁维弘,熊猫资本 • 创始合伙人,曾投资：天天动听，爱回收，小马购车。,2009,16,10,1,种子轮/天使轮、Pre-A 轮、A 轮,300W - 3000W 人民币,5 个,互联网金融、医疗健康、汽车、O2O、地产,北京、上海、杭州
109,曹毅,源码资本 • 创始合伙人,曾投资：美丽说、大姨吗、PP租车、今日头条等。,2007,40,30,,种子轮/天使轮、A 轮,500W - 5000W 人民币,15 个,互联网金融、汽车、消费升级、撮合交易平台、社交、O2O、内容聚合、商业智能/BI,北京、上海、深圳
110,洪学勤,盈动投资 • 高级投资经理,曾投资:当客，又拍云，野狗。,2014,2,2,,种子轮/天使轮、Pre-A 轮、A 轮,0W - 3000W 人民币,6 个,大数据、云服务、企业级应用/服务、O2O、SaaS,杭州
111,贾珂,创享投资 • 管理合伙人,曾投资：天上友嘉、天时通、钛核互动。关注新内容平台,2009,15,5,,种子轮/天使轮、Pre-A 轮,300W - 1000W 人民币,10 个,社区、O2O,北京、上海、广州、深圳
112,姚慧,K2VC险峰华兴 • 分析师,原百度贴吧产品经理，曾投资：Emo、可见。,2014,2,,,种子轮/天使轮、Pre-A 轮,50W - 800W 人民币,5 个,二次元、消费互联网、社区、视频、B2B,深圳
113,吴文蔚,CyberAgent创投 • 上海总经理,曾投资：TutorGroup、饭团、粉粉日记、Epicforce等。,2010,14,8,,种子轮/天使轮、A 轮,100W - 1000W 人民币,5 个,房产、O2O、文化、娱乐、社交、智能硬件、消费电子,北京、上海、深圳
114,王全,博派资本 • 投资经理,曾投资：被窝声次元,2015,1,,,种子轮/天使轮,100W - 500W 人民币,5 个,娱乐、新内容生态、二次元、手游、动漫,北京
115,王力,执一资本 • 投资经理,前百度战略分析师及产品经理，主要关注金融、房、车等产业互联网领域。,2015,,,,Pre-A 轮、A 轮,300W - 6000W 人民币,5 个,金融、地产、本地生活、汽车、分享经济,北京、上海
116,华巍,今日头条 • 投资总监,曾投资：魔图精灵等。,2015,,,,种子轮/天使轮、Pre-A 轮、A 轮、B 轮,100W - 1000W 人民币,10 个,海外市场、二次元、内容聚合、社交、娱乐、消费互联网、社区、兴趣图谱、生活方式、内容聚合、流量分发、新内容生态、女性、图片、二次元,北京
117,谢晨星,执一资本 • 投资总监,曾投资：APUS，人人车，清华学堂在线。,2013,3,2,,Pre-A 轮、A 轮、B 轮,600W - 10000W 人民币,3 个,互联网金融、教育培训、汽车、医疗健康,北京
118,高峰,华映资本 • 董事,曾投资：锦和商业、米牛网。,2011,10,10,,A 轮,1000W - 3000W 人民币,5 个,旅游、O2O,北京、上海、杭州
119,李论,熊猫资本 • 创始合伙人,曾投资：淘当铺、Airwheel、春水堂、好贷网、小马购车、友加、丽维家、小米装、钱升钱。,2013,19,13,3,种子轮/天使轮、Pre-A 轮,100W - 1500W 人民币,8 个,消费互联网、汽车、O2O,北京、上海
120,赵俊超,同渡创投 • 创始合伙人,曾投资：六间房、悠悠村、马可波罗网等.,2008,,,,Pre-A 轮、A 轮,500W - 2500W 人民币,8 个,B2B、电商平台、信息服务、SaaS、技术创新,北京、上海
121,吴海燕,华创资本 • 合伙人,曾投资：铜板街、别样红、700Bike等。,2012,6,5,2,种子轮/天使轮、Pre-A 轮、A 轮、B 轮,100W - 10000W 人民币,6 个,母婴、儿童、女性、男性、新媒体,北京、上海、杭州
122,许高,华创资本 • 投资经理,前极梦网创始人。重点关乎互联网金融，教育和房消费。,2014,4,,,种子轮/天使轮、Pre-A 轮、A 轮、B 轮,200W - 10000W 人民币,5 个,教育培训、金融、智能家居、地产、众筹,北京、上海
123,杨溢,CA创投 • 深圳总经理,曾投资：房多多、胡莱游戏等。,2015,15,6,2,种子轮/天使轮、Pre-A 轮、A 轮,100W - 1000W 人民币,10 个,O2O、智能硬件、房产,广州、深圳、珠海、东莞
124,易丽君,创享投资 • 合伙人,曾投资：豆腐、理大师、欢瑞世纪 、ITools、筑巢新游、钛核互动 、陌上科技等。,2011,27,10,4,种子轮/天使轮、Pre-A 轮,100W - 600W 人民币,15 个,娱乐、新内容生态、社区、社交、O2O,北京、上海、深圳、成都
125,李锦香,戈壁投资 • 资深投资总监,曾投资：夸客金融，先花花，元气弹，十方旅行，求解答。,2012,11,10,2,Pre-A 轮、A 轮,500W - 6000W 人民币,6 个,母婴、教育培训、金融、新内容生态、旅游,北京、上海
126,洪弈,新进创投 • 管理合伙人,曾投资：格奕游戏，摩奇园林，好买车，易诊。主投：移动互联网与生命科学。,2012,20,14,3,种子轮/天使轮、Pre-A 轮,50W - 800W 人民币,10 个,医疗健康,北京、上海
127,刘凯,晨兴资本 • 投资经理,曾投资：辣妈帮，绿狗网。,2010,5,3,,种子轮/天使轮、Pre-A 轮、A 轮,300W - 3000W 人民币,未确定,企业级市场、Marketplace、新技术、O2O,北京、上海、深圳
128,郑博仁,心元资本 • 创始人,曾投资：天鸽、中文在线、阿狸、Zepp、英语流利说。,2001,60,20,3,种子轮/天使轮、Pre-A 轮,100W - 600W 人民币,30 个,海外市场、消费互联网、人工智能、兴趣图谱、分享经济,北京
129,卓威舜,逐鹿资本 • 投资总监,曾投资：牛班，随行随停，NoQ。,2014,10,7,,种子轮/天使轮,30W - 50W 人民币,25 个,O2O、企业级应用/服务、电商平台、二次元、文创,北京、上海、深圳、杭州
130,曹斌,边锋集团投资部 • 投资经理,曾参与创办：思客网。参与投资：当贝网络科技、熊管佳。,2014,,,,种子轮/天使轮,300W - 500W 人民币,3 个,本地生活、吃喝玩乐、生鲜、消费电子,上海
131,杨颖姣,京东 • 高级投资经理 ,曾参与投资：下厨房、穿衣助手、到家美食会等项目。,2015,,,,A 轮、B 轮、C 轮、D 轮、D 轮以上,5000W - 30000W 人民币,4 个,消费互联网、汽车、生活方式、新型物流、社区,北京
132,李豪达,熊猫资本 • 投资经理,曾创办理理财，后加入熊猫资本。参与投资：理理财。,2015,,,,种子轮/天使轮、Pre-A 轮,200W - 3000W 人民币,4 个,金融、地产、汽车、生活方式、B2B,北京、上海
133,吕峻达,华映资本 • 投资经理,曾投资：金柚网、丰投网、联车科技、靠谱助手、租房宝。,2013,7,5,,种子轮/天使轮、Pre-A 轮、A 轮、B 轮,200W - 5000W 人民币,5 个,金融、娱乐、二次元、汽车、企业级应用/服务,北京、上海
134,霍中彦,合鲸资本 • 合伙人,曾投资：品牌中国、华闻传媒、维果部落、状元菜、Phantouch、思念体。,2006,6,4,2,种子轮/天使轮、Pre-A 轮、A 轮,50W - 1000W 人民币,10 个,新媒体、教育培训、金融、文创、新内容生态,上海
135,管登峰,浙商创投 • 上海区域总经理,曾投资：我爱我家，米粒影视，度周末，友加，泰笛等。,2012,8,4,,种子轮/天使轮、Pre-A 轮、A 轮、B 轮,300W - 8000W 人民币,10 个,医疗健康、文创、娱乐、企业级应用/服务、O2O,上海、苏州、其他
136,宋旭文,中路资本 • 合伙人,曾投资：生意专家，数赢云，远为软件，容么么 ，Adbug。,2012,9,5,,种子轮/天使轮、A 轮,0W - 2000W 人民币,10 个,消费、生活服务、企业服务、医疗、互联网金融,北京、上海、广州、深圳
137,孟梦,青骢资本 • 董事总经理,曾投资：快快租车、胖仙女、伏牛堂、住百家、Wifi万能钥匙等与“食、住、行” 息息相关的创业项目。,2015,14,,,种子轮/天使轮、Pre-A 轮,100W - 500W 人民币,20 个,消费互联网、餐饮、吃喝玩乐、工具应用/平台、O2O,上海
138,杨洁,红杉资本中国 • 副总裁,曾投资：礼物说、快看漫画、Blink、Makeblock、走着旅行,2010,14,14,2,Pre-A 轮、A 轮、B 轮、C 轮,100W - 8000W 人民币,4 个,医疗健康、新内容生态、农业、人工智能、消费电子,北京、广州、深圳
139,刘佳,金沙江创投 • 副总裁,曾投资：外勤365。,2013,5,,,种子轮/天使轮、Pre-A 轮、A 轮,100W - 6000W 人民币,未确定,B2B、撮合交易平台、O2O、电商平台、SaaS,北京
140,蔡明,科宝.博洛尼 • CEO,曾投资：E洗车、爱空间、果然快等。,2014,15,5,,种子轮/天使轮,0W - 300W 人民币,未确定,生活服务、社交、O2O、社区,北京
141,袁一鸣,戈壁投资 • 投资经理,曾参与投资：十方旅行。主要关注：金融，旅游，新内容。,2014,1,,,种子轮/天使轮、Pre-A 轮、A 轮,300W - 5000W 人民币,未确定,金融、文创、新内容生态、二次元、旅游,上海
142,劳雅各,启赋资本 • 投资经理,曾投资：维示泰克。,2015,1,,,种子轮/天使轮、Pre-A 轮,500W - 2000W 人民币,5 个,金融、社区、O2O,广州
143,沈文杰,中路资本 • 合伙人,曾投资：奇怪便利，HelloMoney，爱尚鲜花，好厨师等。,2011,20,18,3,种子轮/天使轮、Pre-A 轮、A 轮,100W - 2000W 人民币,10 个,金融、二次元、社交、B2B、O2O,上海
144,沈楠,凯旋创投 • 高级投资经理,曾投资：车蚂蚁、Centrillion基因测序、龙源电力、华能新能源、惠生工程、国韵生物、龙门煤层气、金州环境。,2009,8,7,5,A 轮、B 轮、C 轮,500W - 20000W 人民币,5 个,医疗健康、汽车、B2B、O2O、分享经济,北京
145,丘岳峰,九合创投 • 投资经理,曾投资：配购网，牛牛汽车，Maxus Tech。曾参与投资：筷来财。,2015,3,,,种子轮/天使轮、Pre-A 轮,0W - 1000W 人民币,未确定,汽车、企业级应用/服务、B2B、SaaS、技术创新,北京
146,王凝洁,熊猫资本 • 投资经理,关注互联网金融，房，车，O2O，女性，社交等领域。,2014,,,,种子轮/天使轮、Pre-A 轮、A 轮,0W - 2000W 人民币,7 个,金融、消费互联网、汽车、B2B、O2O,上海
147,王帆,时尚集团 • 投资主管,曾投资：站酷、Roseonly、Shoptiques、动点科技。,2012,10,4,1,种子轮/天使轮、Pre-A 轮、A 轮,100W - 500W 人民币,3 个,女性、新内容生态、时尚、吃喝玩乐、美业,北京
148,王国栋,戈壁创投 • 高级投资总监,曾投资：卡拉丁，澳乐网，魔方天空，百恩百等,2012,11,6,,种子轮/天使轮、Pre-A 轮、A 轮,200W - 4000W 人民币,8 个,消费互联网、旅游、本地生活、汽车、O2O,北京、上海、广州、深圳、成都
149,徐晨,戈壁投资 • 合伙人,曾投资：汉柏科技、品果科技、网秦科技、CSDN等。,2003,28,19,4,种子轮/天使轮、Pre-A 轮、A 轮,100W - 4000W 人民币,10 个,大数据、兴趣图谱、企业级应用/服务、分享经济、技术创新,北京、上海
150,杨绍东,复星昆仲资本 • 合伙人,曾投资:随手记，徙木金融，蜜娱乐，量化派，快乐购等。,2009,7,2,3,种子轮/天使轮、Pre-A 轮、A 轮、B 轮,0W - 0W 人民币,未确定,医疗健康、金融、娱乐、消费互联网,北京、上海
151,朱子川,IDG资本 • 分析师,曾参与投资：爱玩、领建网络。,2014,,,,种子轮/天使轮、Pre-A 轮、A 轮、B 轮,300W - 12000W 人民币,8 个,消费互联网、本地生活、社交、O2O、电商平台,上海、杭州
152,郑义,岂凡创优基金 • 投资总监,曾投资：龙之谷。,2009,15,5,,种子轮/天使轮、Pre-A 轮,300W - 1500W 人民币,3 个,手游,上海、深圳
153,杨陶,光速安振中国基金 • 副总裁,曾投资：UnitedStack，宝尊电商，吉祥航空，多利农庄，哥仑布户外，摩威环科。,2009,11,7,3,种子轮/天使轮、A 轮、B 轮,200W - 10000W 人民币,6 个,消费互联网、O2O、电商平台,北京、上海、深圳、杭州、成都
154,余璐,零一创投 • 助理副总裁,曾投资：蜂蜜笔记，毛遂网，帅吧，小满科技，Mode。曾参与投资：童年智造，微盟。,2012,17,11,,种子轮/天使轮、A 轮,200W - 2000W 人民币,8 个,金融、消费互联网、B2B、撮合交易平台、SaaS,北京、上海
155,杨光,世铭投资 • 投资副总监,关注TMT领域的早期投资,2010,15,9,3,Pre-A 轮、A 轮,500W - 1000W 人民币,5 个,新媒体、二次元、消费互联网、企业级应用/服务、电商平台,北京、上海
156,李祝捷,真顺基金 • 创始合伙人,曾投资：找钢网，找塑料网，微农科技，宜花鲜花，淘当铺，优曼家纺，贝乐学科英语等。,2011,25,16,,种子轮/天使轮、Pre-A 轮,100W - 1000W 人民币,10 个,医疗健康、消费互联网、农业、机器人、B2B,北京、上海、广州、深圳、杭州
157,陈宇挺,引力创投 • 投资经理,曾投资：易直播,2015,2,2,,种子轮/天使轮、Pre-A 轮、A 轮,300W - 800W 人民币,5 个,VR、旅游、人工智能、婚恋、社交,北京、上海、深圳
158,苏东,IDG资本 • 投资经理,曾创办：途客圈；曾投资：途鸽、Usens、700bike、TVR。,2014,4,1,,种子轮/天使轮、Pre-A 轮、A 轮,500W - 2000W 人民币,3 个,VR、智能硬件、机器人、人工智能、SaaS,北京、上海、广州、深圳
159,原博,云天使基金 • 副总裁,曾投资：MIKE CRM、Worktile、平行世界、黑白校园、杏树林。专注一趣,2012,19,11,,种子轮/天使轮,100W - 500W 人民币,7 个,分享经济、技术创新、SaaS、人工智能、商业智能/BI,北京、上海、广州、深圳、杭州、成都
160,杜健,深圳市创新投资集团有限公司 • 投资副总监,曾投资：爱迪尔珠宝，欧菲光等。,2009,10,4,3,种子轮/天使轮、Pre-A 轮、A 轮,500W - 3000W 人民币,5 个,旅游、B2B、SaaS,深圳
161,汪恭彬,长石资本 • 创始合伙人,曾投资：多奇网、ninebot、指尖快递、易淘食等。,2010,40,35,2,种子轮/天使轮、Pre-A 轮,100W - 1000W 人民币,10 个,O2O、互联网金融、移动医疗、企业级应用/服务,北京
162,王燕婷,CA创投 • 投资经理,曾投资：悄悄,2014,1,,,种子轮/天使轮、Pre-A 轮,100W - 500W 人民币,5 个,二次元、VR、社区、视频、O2O,北京
163,姚永焕,盈动投资 • 高级投资经理,曾投资：拎包客。,2014,1,1,,种子轮/天使轮、Pre-A 轮、A 轮,50W - 1000W 人民币,5 个,二次元、智能硬件、旅游、人工智能、O2O,北京、上海、深圳、杭州
164,吴树,乐视 • 投资总监,曾投资：谊动。战略投资两家O2O公司、 两家智能硬件公司，一家大数据公司。,2014,7,,,种子轮/天使轮、Pre-A 轮、A 轮、B 轮、C 轮、D 轮、D 轮以上,100W - 30W 人民币,未确定,金融、智能硬件、云服务、内容聚合,北京
165,刘岚,红点投资 • 高级投资经理,曾投资：点送科技、梦之城、孔明科技、百年建筑网、小知、中粮移动健康、Perf365等公司,2013,7,7,,Pre-A 轮、A 轮,600W - 6000W 人民币,3 个,B2B、O2O、电商平台、分享经济、技术创新,北京、上海
166,戴帅,纪源资本 • 投资经理,曾投资：东方梦工厂、天津深之蓝。,2011,5,5,,种子轮/天使轮、Pre-A 轮、A 轮、B 轮、C 轮,1000W - 10000W 人民币,4 个,智能硬件、大数据、机器人、人工智能、SaaS,上海
167,赵勇,零一创投 • 管理合伙人,曾投资：神州租车，北京中文在线等,2007,20,10,5,种子轮/天使轮、A 轮,100W - 5000W 人民币,20 个,消费互联网、企业级应用/服务、B2B,北京、上海
168,吕月梅,源码资本 • 投资经理,曾投资：一亩田，找煤网，壹财富，房产销冠等。,2014,18,6,,种子轮/天使轮、Pre-A 轮、A 轮、B 轮,300W - 3000W 人民币,10 个,地产、农业、B2B、O2O、分享经济,北京、上海、深圳、杭州
169,钱奕,华映资本 • 执行董事,曾投资：PP助手，51信用卡，500万彩票网。,2011,15,12,3,A 轮,600W - 6000W 人民币,5 个,消费互联网、互联网金融、O2O,北京、上海
170,卯升晔,原子创投 • 投资经理,曾投资:爱燃烧、念、宅基地,2014,3,,,种子轮/天使轮、Pre-A 轮,50W - 500W 人民币,10 个,医疗健康、新内容生态、二次元、汽车、O2O,北京、上海、广州、深圳、杭州
171,李剑云,浙商创投 • 执行董事,曾投资：四维数码，博曼迪。,2006,5,3,3,种子轮/天使轮、Pre-A 轮,100W - 3000W 人民币,6 个,医疗健康、物联网、汽车、信息服务,北京、上海、深圳、杭州
172,王静,动域资本 • 副总裁,新基金动域资本，求创业者轻虐。,2010,5,5,1,Pre-A 轮、A 轮、B 轮、D 轮、D 轮以上,100W - 5000W 人民币,未确定,O2O、社区、社交、体育,上海
173,范殷良,动域资本 • 副总裁,前虎扑体育产业基金，专注体育领域投资。,2015,,,,Pre-A 轮、A 轮、B 轮,100W - 5000W 人民币,未确定,体育、智能硬件、VR、云服务、消费电子,北京
174,车鉴,普维投资  • 副总裁,曾投资：图搜天下，酒仙网，睿悦信息。,2011,5,5,,Pre-A 轮、A 轮、B 轮,500W - 10000W 人民币,8 个,O2O、企业级应用/服务、金融、电商平台,北京、上海、深圳
