phase,investor_id,brief,name,id
已完成 A 轮融资,1,“巴图鲁”是巴图鲁汽车配件交易平台的简称，是中国第一个以解决消费终端即时需求为特征的车配件在线交易平台，交易流程是以汽修厂在线发布汽配询价，汽配供货商即时报价以达成订单的平台，相当于一个全国性的24小时的汽配供货店。,巴图鲁,1
已完成天使轮融资,1,星伦网络作为中国领先的移动内容管理供应商，利用全球领先技术为行业龙头提供一流的移动内容管理服务，同时创建移动内容管理，并针对中国市场特色，开发本土化核心技术，为客户提供更高性价比的解决方案。,Mobido,2
已完成 A 轮融资,1,生活圈是国内首个去中心化的O2O智能社区服务平台，生活圈是基于智能化物业服务，以微信公众平台为依托建立的小区微信公众管理平台群系。,考拉先生/生活圈,3
已被并购,3,啪啪三国是一款3D卡牌策略游戏，上海火溶信息科技有限公司旗下。,啪啪三国,4
已被并购,3,苹果设备越狱工具，集一键查询shsh、一键备份shsh、一键刷机功能于一身，打造智能、高效的iOS分发平台。,i4手机助手,5
已完成 A 轮融资,3,一站式Apple软件下载平台，集iOS设备管理软件、游戏、壁纸、铃声资源的下载安装和管理工具。,Vshare,6
已完成 A 轮融资,3,一家家庭娱乐和影视服务商，致力于电影、动漫的策划、制作、投资、运营、管理、引进、发行、授权、衍生产品开发及销售的国际化专业公司。作品有《龙之谷》等。,米粒影业,7
已完成天使轮融资,4,帮助初创公司，或是成长型企业，搭建产品研发团队来孵化产品、建立研发流程、搭建技术架构、提供创业支持。 ,联创工场,8
已完成天使轮融资,4,天使投资基金和创业加速器。,阿尔法公社,9
已完成天使轮融资,5,新成立的保险特卖网站，基于互联网大数据、联合国内专业保险公司，为具有特定相似属性的人群设计专属保险产品，如面向妈妈们的少儿重疾险等。,小雨伞保险,10
已完成天使轮融资,5,中小企业信息整理分析的大数据平台，为中小企业解决资金需求和获得客户，帮助银行进行市场营销。,物银通,11
已完成天使轮融资,5,O2O模式的互联网法律电商平台，主要为互联网金融及O2O电商企业/个人提供在线电子合同缔约、证据托管等服务，并依托瀛和律师机构线下20余家律所提供合规审核、债权保障、争议解决等服务。,法大大,12
已完成 A 轮融资,6,企查查是一个用于企业查询的在线网站，通过查询企业信息，查看评价，帮助查询人获取相关信息。隶属于苏州朗动网络科技有限公司。,企查查,13
已完成 A 轮融资,6,拓实医疗是依托北京三甲医院、部队医院、上市药企等医疗资源，利用互联网技术建立产业链上下游链新模式，为终端用户提供贴心细致的健康管家和私人医生服务的互联网医药平台。,拓实医疗,14
已完成天使轮融资,7,巴别鸟是一个面向设计师和甲方项目协作沟通的工具，可以支持用户在移动端进行查稿，用户还可以通过圈点的方式指明要评论的地方。,巴别鸟,15
已完成 A 轮融资,7,主打IT职位的招聘服务网站，主要专注服务于互联网界人才与企业。,哪上班,16
已完成天使轮融资,7,每人计是一款解决实体店客流统计问题的产品，为线下门店提供客流访问统计和分析服务等。,每人计,17
已完成 B 轮融资,8,匿名社交分享网站，主打匿名分享秘密和小心情。,抱抱,18
已完成 B 轮融资,8,懂球帝是一个专注于足球的体育资讯和社区，旗下有懂球帝APP等。,懂球帝,19
已完成 A 轮融资,8,MONO是一个手机上的文化媒体平台，为用户提供高品质的阅读服务，包括见识、设计、文化等。,MONO,20
已完成 B 轮融资,8,链农（FarmLink）是一家餐馆供应商，为餐饮行业提供高性价比的一站式食材采购服务。,链农,21
已完成 A 轮融资,9,天工异彩是一家专业的全流程影视技术服务公司，尤其主打电影后期制作等，由业界四家知名后期制作公司——天工映画、异彩影视、乐盛文化、异彩映画重组而成，之前曾包揽过华谊兄弟影业出品的几乎所有影片后期制作。,天工异彩,22
已完成 B 轮融资,9,芭乐传媒是一家原创影视发行、运营平台及影视植入式营销平台。芭乐互动（北京）文化传媒有限公司旗下。,芭乐,23
已完成 A 轮融资,9,法海网是一家专注于为中小企业提供在线法律服务以及法律综合解决方案的互联网企业。,法海网,24
已完成天使轮融资,10,VEO是一家在线云视频服务提供商，为开发者提供主打视频通讯能力的PAAS平台服务，提供的API、SDK和打包的应用程序，支持视频通话、屏幕共享、注释、示例代码和在线文档等服务，上海纽视网络科技有限公司旗下产品。,VEO,25
已完成天使轮融资,10,专为IT求职者打造的技能学习平台。1KE致力于帮企业定向输送IT从业者的教育平台。同时，1KE希望把全球最好的教育，免费地带给所有人，帮更多人在兴起的互联网行业找到更好的工作，实现梦想。,1KE,26
已完成天使轮融资,10,盈行家是一个利用真实数据做为模拟环境的理财工具。,盈行家,27
已完成 B 轮融资,12,一个网站及手机上的订餐服务，提供外卖详细菜单及个人订餐、企业订餐服务。北京轻松每餐科技有限公司旗下产品。,美餐网,28
已完成 A 轮融资,12, 车载智联设备。,Zubie,29
已上市,13,深圳中青宝互动网络股份有限公司成立于2003年，是一家具有自主研发、运营能力、代理能力的专业化网络游戏公司。,中青宝,30
已上市,13,蓝盾信息安全技术股份有限公司是中国信息安全行业领先的专业网络安全企业和服务提供商。,蓝盾股份,31
已上市,13,慈文传媒是一家影视制作公司，是集电视剧、电影、动画制作等为一体的大型传媒机构，作品有《西游记》、《青盲》、《5号特工组》系列、《神雕侠侣》、《射雕英雄传》、《七剑下天山》等。,慈文影视,32
已完成 C 轮融资,14,提供专业的融资贷款搜索、比较服务，为用户量身定制贷款产品。,融360,33
已完成 B 轮融资,14,化学品采购搜索引擎，提供在线化学品数据信息、化学品目录、产品供应商和采购商对接服务等。,Molbase摩贝/摩库数据,34
已完成 B 轮融资,14,保险特卖平台。,大特保,35
已完成 B 轮融资,15,在线教育培训服务商，基于YY语音等提供制图、影音制作等课程。,邢帅教育,36
已完成 A 轮融资,15,移动应用开发者平台，为App开发者提供云端的API服务和数据存储服务，支持在线NoSQL数据表设计、API调试及用量分析；同时提供推送、云修复、大数据分析等服务。APICloud由“云API”和“端API”两部分组成，可以帮助开发者快速实现移动应用的开发、测试、发布、管理和运营的全生命周期管理。,APICloud,37
已完成 A 轮融资,15,直播课程搜索平台，为大家提供全网直播课程服务。,选课网,38
已被并购,16,快按钮KlicK是一个安卓手机的智能快捷键设备，将其插入手机的耳机插孔，就可以通过预设手势快速启动心水的功能。上海智朴科技发展有限公司旗下。,快按钮,39
已完成 B 轮融资,16,杭州古北电子科技有限公司是一家物联网及智能家居解决方案服务商，提供BroadLink系列智能插座、智能遥控、家庭空气质量分析仪等产品，是湖北杰澳电子科技关联公司。,Broadlink,40
已完成 A 轮融资,16,主打原创产品的社会化电商平台，利用众筹到众包方式，整合创意产品社区与电子商务服务为一体，帮设计师成就梦想，助消费者品味生活。,太火鸟,41
已完成 A 轮融资,16,国内最好的跑步社区品牌，产品包括线上工具，以及线上线下的各种联赛，还有相关装备,悦跑圈,42
已完成 A 轮融资,16,针对年轻人定位的智能电动车品牌。,小牛科技,43
已完成 A 轮融资,17,中国最大、最接地气、最具活力的社区“服务+社交+电商”B2B2C服务平台，创造最和谐的物业、业主和优质商家的社区关系。,考拉先生/生活圈,44
已完成 D 轮融资,17,中国最大、品牌最强、最专业的基于大数据应用的教育和金融信息化的综合方案提供商。,国泰安,45
已完成 C 轮融资,17,拥有超过900家三级以上医院、30万医生和1900万病人的“好医院+好医生+好病人”移动医疗B2B2C服务平台。,就医160,46
已完成 A 轮融资,18,创意情趣用品体验商店。,泡否,47
已完成 A 轮融资,18,海外中文短租和特色旅游产品预订平台。,住百家,48
已完成 A 轮融资,18,“饭扫光”牌下饭菜母公司四川高福记食品有限公司成立于2000年，主要从事川味调味品的研发、生产和销售，公司拳头产品为“饭扫光”牌下饭菜。,饭扫光,49
已完成天使轮融资,19,NewBand牛班网是一个主打在线音乐教育类服务产品，主打“明星音乐教室”，邀请乐坛高手参与音乐教学服务。上海纽班文化发展有限公司旗下产品。,牛班网,50
已完成天使轮融资,19,第一弹是一个专业的二次元社交社区。,第一弹,51
已完成天使轮融资,19,岂安科技是一家致力于为企业客户提供账户、业务类安全风险控制的解决方案的公司，通过安全技术、大数据分析解决各类业务安全风险。,岂安科技,52
已完成天使轮融资,20,动作类游戏手游,火柴人联盟,53
已完成 B 轮融资,21,锁屏服务应用提供商。,锁屏精灵,54
已完成 B 轮融资,21,多听科技是一家专注于移动互联网音频分享的公司，核心产品主要有：“音频分享平台”、“多听单行本”、“点播电台”，此外还有硬件产品多听V电台等。,多听,55
已完成 A 轮融资,21,快用苹果助手是一个苹果设备及应用安装管理工具，北京悠然天地科技有限公司旗下。,快用,56
已完成 A 轮融资,21,App每日推送是一个向用户推送iPhone或者iPad上最新免费和限时免费APP的服务平台，广州触虎网络科技有限公司旗下产品。,APP每日推送,57
已完成 A 轮融资,22,新成立的智能路由器产品，深圳市云猫信息技术有限公司旗下产品。,光年路由器,58
已完成天使轮融资,22,主打女神电影众筹平台的网站，深圳开拍网科技有限公司旗下产品。,开拍网,59
已完成天使轮融资,23,莉莉丝游戏公司推出的动作卡牌手游,刀塔传奇 ,60
已完成 A 轮融资,24,车置宝是一家二手车在线买卖交易网站，主打二手车帮卖网络竞价，为车主提供全程免费的一站式卖车服务。江苏乐博投资有限公司旗下网站。,车置宝,61
已完成天使轮融资,24,巴别鸟是一个面向设计师和甲方项目协作沟通的工具，可以支持用户在移动端进行查稿，用户还可以通过圈点的方式指明要评论的地方。,巴别鸟,62
已完成 A 轮融资,27,以水墨画风表现武林江湖的ARPG大游戏作品，其前身为单机游戏《雨血》系列,影之刃,63
已完成 A 轮融资,27,根据电影改编的冒险类手机游戏,超级英雄,64
已完成 A 轮融资,28,构建路上语音社交社区。,上海语镜汽车,65
已完成 C 轮融资,28,于2005年在深圳创立，目前在新加坡、肯尼亚（非洲）均设立了控股子公司，在国内广东、上海、北京、湖南、湖北等设立了办事处，是业界领先的移动商务技术、“手机凭证”技术解决方案提供商、物联网技术提供商、电子商务业务运营商。,深圳泰久,66
已完成 B 轮融资,29,室内装修效果图在线设计平台，用户可以在酷家乐方便地绘制户型图、获得免费户型风水报告、更能得到最专业的户型改造建议。,酷家乐,67
已完成 C 轮融资,29,P2P网络借贷和金融服务网站,点融,68
已完成 D 轮融资,29,"分类信息和本地消费生活服务网站，致力于提供“连接所有生活需求”的信息平台,帮助用户方便查找和发布二手物品交易、二手车买卖、房屋租售、招聘求职、交友活动、宠物领养、生活服务等本地生活信息。",百姓网,69
已完成 D 轮以上融资,29,本地生活消费平台及O2O服务商，通过网站、APP等为用户提供各类生活服务和团购等，隶属于上海汉涛信息咨询有限公司。,大众点评,70
已完成 D 轮融资,30,拥有美图秀秀、美颜相机、美拍、美图手机等产品，移动端拥有8.5亿用户。,美图,71
已完成 A 轮融资,30,专注于Android平台的服务商，提供OEM厂商turn-key产品方案、为运营商提供互动电视运营方案等，旗下产品有泰捷视频、泰捷手机遥控等。,泰捷视频,72
已完成 B 轮融资,30,专注于上下班出行的P2P共享用车和拼车服务平台，为用户提供顺风车对接服务，北京天和亿科技有限公司旗下产品。,天天用车,73
已完成 A 轮融资,30,主打高端汽车上门保养服务的平台，以高端汽车上门保养为基础，扩展各项汽车使用过程代办业务的增值服务内容，为高端车主提供用车、养车、爱车体系化的有力支撑。,博湃养车,74
已完成 A 轮融资,31,生意专家为实体商户提供卓越的一站式开店产品。通过生意专家，管理繁琐的收银记账、客户关系、商品利润，并集成了各种创新的电子商务工具，帮助商家降低经营成本，提升顾客购物体验，增加销售收入。生意专家合了记账软件、收银系统、进销存软件、会员管理系统为一体；为超过10万商家轻松解决日常店铺管理的所有问题。,生意专家,75
已完成 A 轮融资,31,"SaaS运营商,提供免费、简单、易用的进销存、ERP软件、连锁管理软件。",百草科技,76
已完成 A 轮融资,31,云计算时代安全的虚拟化产品及解决方案提供商，产品有VirNOS虚拟网络安全管理系统、远为虚拟安全桌面vSec Desktop等。,远为软件,77
已完成天使轮融资,32,国内第一款针对创业企业费用管理的轻量级应用解决方案，通过微信、SAAS后台以及APP轻松搞定早期企业的报销及现金流管理问题。,闪电报销,78
已完成 A 轮融资,32,深夜美食外卖平台，配送时间为晚上9至凌晨5点。,拼豆夜宵,79
已完成天使轮融资,32,简洁的资产管理APP 。,财鱼管家,80
已完成 A 轮融资,32,面向女性同性恋的移动社交网络。,The L,81
已完成天使轮融资,33,格科电子有限公司创立于2003年，是中国领先的无晶圆厂图像传感器设计公司，目标瞄准全球移动设备及消费电子市场。,格科微电子（上海）有限公司,82
已完成天使轮融资,33, 上海晶丰明源半导体有限公司是一家从事电源管理芯片设计和销售的公司，公司主要产品是大功率LED驱动芯片，为从事节能环保的LED绿色照明客户提供高质量和高性价比的LED驱动芯片和系统解决方案。,上海晶丰明源半导体有限公司,83
已完成天使轮融资,33,全球领先的蓝宝石材料公司。,东莞精研粉体有限公司,84
已完成天使轮融资,33,上海汉枫电子科技有限公司成立于2009年12月，是专业从事嵌入式无线通讯领域设计开发、生产、销售和完整物联解决方案（云服务和智能终端应用程序）为一体的高科技公司。,上海汉枫电子有限公司,85
已完成 A 轮融资,34,8868交易平台是一个手机游戏物品交易平台，隶属于广州聚好玩信息科技有限公司。,8868,86
已完成 B 轮融资,34,蝴蝶互动是一家专注于移动互联网社区及手机游戏研发和运营的专业型公司。,蝴蝶互动,87
已完成 C 轮融资,34,上海七牛信息致力于提供最适合开发者的数据在线托管、传输加速以及云端处理的服务。,七牛云存储,88
已完成 A 轮融资,34,游戏直播,玖果吧,89
已完成天使轮融资,35,炊烟小厨是一个网上订餐平台。,炊烟小厨,90
已被并购,36,由网龙公司推出的手机移动端应用管理工具，2013年该公司被百度全资收购。,91手机助手,91
已上市,36,网络视频平台，2012年与优酷网正式合并。,土豆网,92
已上市,36,久帮数码公司推出的无线互联网门户平台，该公司已于2014年在纽交所上市。,3G门户,93
已完成天使轮融资,36,莉莉丝游戏公司推出的动作卡牌手游。,刀塔传奇,94
已完成 B 轮融资,37,脸识别云计算平台，为开发者提供人脸识别接口，北京旷视科技有限公司旗下。,Face++,95
已完成 B 轮融资,37,智能语音技术服务商，旗下有思必驰语音云等，将语音技术用于教育培训、移动互联、呼叫中心等产业。,思必驰,96
已完成 A 轮融资,37,一家支持“亲身试穿”的线上试衣间，通过真实人物3D建模、1:1且多角度还原试穿效果、多尺码试穿对比和专业推荐，为用户提供导购服务，隶属于上海试衣间信息科技有限公司。,好买衣,97
已完成 A 轮融资,37,北京无限点乐科技有限公司推出的智能手机广告平台。,点乐,98
已完成天使轮融资,37,主打O2O模式的汽车快修服务公司，旗下有有壹手快修、钣喷快美王等品牌，隶属于北京有壹手汽车科技有限公司。,有壹手,99
已完成 C 轮融资,38,女性垂直电商平台。,蘑菇街,100
已被并购,38,智能手机广告平台，旗下拥有自主研发的Ad network和移动DSP平台“多盟･必得”。该公司于2015年6月被A股上市公司蓝色光标收购。,多盟,101
Pre-IPO,38,多功能、个性化多标签浏览器。它能减少浏览器对系统资源的占用率，全新傲游云浏览器版，推出了核心产品功能云推送、云标签、云同步、云下载和云分享。,傲游浏览器,102
已完成 B 轮融资,38,一站式海外购物服务平台，以跨国电子商务和海淘社交购物平台为核心，为消费者提供一个及时了解海外时尚打折信息和改善国人购物体验和消费水平的无国界社交购物平台。,么么嗖,103
已完成 B 轮融资,38,国内首家对结果负责的招聘服务交易平台，解决了传统猎头无法跨行业、跨区域、规模化作业的困境，同时也解决了网络招聘无法涉足中高端职位的瓶颈。服务客户包括苹果、亚马逊、腾讯、万科、罗氏等全球知名企业。,猎上网,104
已完成 A 轮融资,39,树熊网络服务于数万商家、为数亿消费者提供免费商用Wi-Fi以及基于Wi-Fi的各项互联网服务。,树熊网络,105
已完成 A 轮融资,39,橙牛违章管家是一个手机上的汽车违章查询、处理工具，可以为300多个城市的车主提供便捷的违章查询和处理服务。杭州达则科技有限公司旗下产品。,橙牛违章管家,106
已完成天使轮融资,39,Bong是一个软硬件结合的穿戴式设备服务健康手环品牌，可以通过内置传感器记录你完整的一天，如运动情况、睡眠情况等。杭州攻壳科技有限公司旗下产品。,Bong,107
已完成 A 轮融资,40,手机软件资讯及下载服务网站，深圳泡椒思志信息技术有限公司(泡椒网)旗下。,泡椒网,108
已完成 A 轮融资,40,看看是深圳有图科技有限公司旗下产品，中国首家客厅娱乐服务平台。看看提供电视应用统计分析、电视游戏统计分析、电视应用商店统计分析、电视外设设备统计分析等SDK平台，同时提供社交分享、TV端支付、热更新、TV广告联盟等一揽子客厅娱乐解决方案。,看看,109
已完成 A 轮融资,40,由回国留学生及国内风险投资机构共同设立的生物高科技公司，致力于创新生物诊断试剂研发。,赛格诺基因,110
已完成天使轮融资,40,"创新互联网金融服务平台,由斯坦福大学毕业团队创立。",信用宝,111
已完成 A 轮融资,41,一家综合性的金融资产交易相关服务及投资理财服务平台，中国平安集团旗下金融服务。,陆金所,112
已被并购,42,北京天马时空网络是一家手机游戏和网页游戏公司，2013年前以研发WebGame为主，研发过3款WebGame产品，代表作品是传奇类页游《怒斩》；2013年年中开始转向基于Unity3D的重度ARPG手游研发，主打产品为《全民奇迹》。,天马时空,113
已完成 A 轮融资,43,漫画卡通形象制作应用，让用户可以拼出好玩的卡通头像等, MYOTee脸萌,114
已完成 A 轮融资,43,类kickstarter众筹模式网站，隶属于上海追梦网络科技有限公司。,追梦网,115
已完成 A 轮融资,44,基于LBS的校园生活服务平台，采用“楼长代理模式”，5分钟货上门。,宅米,116
已完成 A 轮融资,44,第三方转运物流服务商，为海淘提供物流解决方案。,笨鸟海淘,117
已完成 B 轮融资,45,一款基于“众包”模式的B2C任务对接平台，让用户可以参加任务或体验、获取奖励并赚钱。,微差事,118
已完成 B 轮融资,45,同志交友手机软件。,淡蓝网Blued,119
已完成 B 轮融资,45,在线外卖订餐服务平台，提供供订位、订餐、支付、配送等一站式服务，旗下产品包括：面对B端餐饮商户的聚网客和E代送；面向C端用户的易淘食外卖。,易淘食,120
已完成 A 轮融资,45,一家专业的火锅品类外送服务平台，为消费者提供火锅相关产品及多场景体验式服务。,来一火,121
已完成 A 轮融资,46,分享科技与设计产品的社区电商平台,KnewOne,122
已完成 A 轮融资,46,为线下门店提供客流访问统计和分析服务，解决实体店客流统计问题的产品,每人计,123
已完成 D 轮以上融资,47,大众点评网是一家本地生活消费平台及O2O服务商，通过网站、APP等为用户提供各类生活服务和团购等，隶属于上海汉涛信息咨询有限公司。,大众点评,124
已完成 C 轮融资,47,中国最大商用Wi-Fi方案和服务商。,迈外迪,125
已完成 A 轮融资,47,EMIE亿觅创意网是一个设计师众包社区，基于众筹和众包、让设计师作品从创意变成现实产品，深圳亿觅科技有限公司旗下，产品有能量刀锋移动电源等。,亿觅,126
已完成 B 轮融资,48,房多多是一家房地产整合营销服务平台，致力开创线上信息流、线下业务流无缝整合，提供手机房多多、B2C地产网站、房多多业务管理系统等，深圳市房多多网络科技有限公司旗下。,房多多,127
已完成天使轮融资,49,新银河是一家手机游戏发行及渠道服务商，专注于移动游戏联运平台和手游的研发、运营，团队主要成员都来自360、搜狐、MTK等公司。,新银河,128
已完成天使轮融资,49,微播APP是一个主打真人视频直播的移动交友社区，用户在这里可以直播一切所闻所见。重庆红诺科技有限公司旗下产品。,微播,129
已完成天使轮融资,49,音米inmix眼镜，是明通四季旗下拥有国内领先的潮流眼镜品牌。,音米,130
已完成 A 轮融资,50,移动手机游戏研发公司。,甜瓜在线,131
已上市,51,乐逗游戏iDreamSky是一家手机游戏开发商和发行商，隶属于深圳市创梦天地科技有限公司。,乐逗游戏,132
已被并购,51,广州银汉科技是一家手机游戏开发商，旗下产品有《时空猎人》、《梦回西游》、《天地剑心》等。,银汉科技,133
已完成 B 轮融资,51,好买基金网是一家第三方的基金服务、财富管理服务公司，提供基金资讯、在线交易服务，上海好买信投资管理有限公司旗下。,好买基金网,134
已完成 A 轮融资,51,每日优鲜是一家专注优质生鲜的特卖网站，平台每天都会筛选优质的生鲜商品推荐给用户购买。北京每日优鲜电子商务有限公司旗下网站。,每日优鲜,135
已完成 B 轮融资,52,美味不用等是一个基于LBS的餐厅排队解决方案APP，提供手机排队取号、查看排队实时进展、快到叫号提前提醒、手机店外点菜自助打单、手机店内点菜一键下单等服务。上海普景信息科技有限公司旗下。,美味不用等,136
已完成天使轮融资,52,闪电报销是国内第一款针对创业企业费用管理的轻量级应用解决方案，通过微信、SAAS后台以及APP轻松搞定早期企业的报销及现金流管理问题。,闪电报销,137
已完成天使轮融资,52,婚趣网是一家主打婚庆服务的O2O平台，提供摄影师、化妆师、婚纱礼服、影棚外景、精修设计和婚件制作等对接服务。北京婚趣科技有限公司旗下产品。,婚趣,138
已完成 A 轮融资,52,he L是第一款，也是唯一一款全球范围的ios拉拉交友app，由the L团队于2012年11月7日推出的一款基于地理位置的les群体专属移动社交产品，并且在全球范围内广泛推广。,theL,139
已完成 A 轮融资,52,拼豆夜宵是一家深夜美食外卖平台，配送时间为晚上9至凌晨5点。拼豆科技（北京）有限公司旗下产品。,拼豆夜宵,140
已完成 C 轮融资,53,移动互联网的最大第三方数据交易平台,Talking data,141
已完成 B 轮融资,53,移动互联网计费和支付服务商，为开发者提供交易支撑和支付解决方案,爱贝支付,142
已完成 B 轮融资,53,面向海外市场的Andriod用户系统,APUS,143
已完成天使轮融资,53,中国最大的工具软件之一，用户量突破3亿用户,墨迹天气,144
已完成 B 轮融资,54,游戏代理发行商，致力于打造优质海外智能机游戏引进平台，将国外热门游戏带给更多的中国玩家。,游道易,145
已完成 B 轮融资,54,MassiveImpact is a leader in performance mobile advertising.,Massiveimpact,146
已完成 B 轮融资,54,高清视频服务网站，主打儿童视频、纪录片等。,乐看儿童,147
已完成 D 轮以上融资,55,快的打车是一款智能手机打车应用，软件为打车乘客和出租司机量身定做，乘客可以轻松发单，随时随地打车；司机可以降低空驶率，轻松多赚钱。,快的打车,148
已完成 D 轮以上融资,55,蘑菇街是一个女性购物分享及导购社区。杭州卷瓜网络有限公司旗下网站。,蘑菇街,149
已完成 A 轮融资,56,使用TypeScript语言构建的开源免费的移动游戏引擎,白鹭引擎,150
已完成 B 轮融资,57,车轮隶属于上海易点时空网络有限公司，专注于移动互联网尤其是汽车领域的业务,车轮,151
已完成 A 轮融资,57,托福雅思一对一在线课堂，通过SKYPE语音在线授课，提供5对1跟踪托福指导服务,小站教育,152
,57,基于人工智能技术的旅游路线个性化定制服务商,妙计旅行,153
,57,移动健身,Keep,154
,57,生活方式内容发现平台,MONO,155
,57,关于各种吃喝的媒体,企鹅吃喝指南,156
已完成 C 轮融资,58,集视频，小说，壁纸和安卓手机应用游戏的安卓在线商店,豌豆荚,157
已完成 C 轮融资,58,主打真人外教一对一、平价、一节课最低15元的英语网络学校,51talk,158
已完成 D 轮融资,58,二手车拍卖在线交易平台,优信拍,159
已完成 B 轮融资,59,有赞前身是口袋通，是一个基于SAAS模式的免费社会化CRM（微店铺+微粉丝营销）平台，简单而言就是帮商家（目前是中小电商）管理他们的客户，并能通过各类营销手段，产生交易获得订单的工具平台。杭州起码科技有限公司旗下产品。,有赞,160
已完成 D 轮以上融资,59,饿了么是一个外卖订餐平台，旗下拥有订奶茶产品。隶属于上海拉扎斯信息科技有限公司。,饿了么,161
已完成 A 轮融资,59,JUJU二次元是一个专注于二次元的移动社交网络，面向宅男腐女提供资讯、社区互动等，隶属于杭州巨聚网络技术有限公司。,JUJU,162
已完成 C 轮融资,59,手机游戏视频录制和社交推广传播方案服务商，提供手游录像、分享、传播服务，隶属于广州爱拍网络科技有限公司。,爱拍,163
已完成 B 轮融资,59,美味不用等是一个基于LBS的餐厅排队解决方案APP，提供手机排队取号、查看排队实时进展、快到叫号提前提醒、手机店外点菜自助打单、手机店内点菜一键下单等服务。上海普景信息科技有限公司旗下。,美味不用等,164
已完成 B 轮融资,60,杏树林信息技术（北京）有限公司，是由医生和互联网专业人士一起创办的创业公司，专注为医学专业人士开发移动工具。我们希望为中国医生开发最专业、最贴心的临床移动应用，让行医更轻松。,杏树林,165
已完成 A 轮融资,60,凌云智能成立于2014年2月，专注于两轮纯电动汽车的研发。目前已解决了两轮汽车的核心技术，并申请了多项核心发明专利。,凌云智能,166
已完成 A 轮融资,60,Makeblock是开源硬件领域的产品和服务平台提供者。设计、生产铝型材机械元件，提供基于金属机械方案的积木式创意平台，帮助创客制作创意产品、原型机和小型机器人。,MakeBlock,167
已完成 C 轮融资,60,"销售易CRM，将移动互联、社交网络和云技术智慧融合，彻底颠覆和重构PC时代的传统CRM（客户关系管理系统），解决其复杂难用、推行困难的弊病，打造最新一代移动CRM。北京仁科互动网络技术有限公司（IngageApp Co.,Ltd.）公司旗下核心产品。",销售易,168
已完成 A 轮融资,60,MIKE CRM 是一款以联系人为核心的自动化线上营销工具，可以用简单易用的方式定制表单和邮件。,麦客,169
已完成天使轮融资,61,一个木制品建材品牌特价直销平台，涉及木地板，木门等多个品类。,好木多,170
已完成 A 轮融资,61,一个P2P网贷投资理财社交平台，提供理财产品导购、网贷资产打理和记账功能等。,投友圈,171
已完成 A 轮融资,61,一个第三方的P2P网络借贷资讯、数据服务网站，提供P2P借贷服务商导航、理财产品导航、投资回报盘点、社区服务等。,网贷天眼,172
已完成 A 轮融资,62,蔬菜B2B交易平台,比菜价,173
已完成天使轮融资,62,布料B2B交易平台，利用图像检索功能帮助采购方寻找所需的布料并撮合交易。,搜芽,174
已完成 C 轮融资,63,中国度假公寓预定和服务平台,途家,175
已完成 B 轮融资,63,房多多是领先的基于大数据的O2O移动互联网房地产营销平台,房多多,176
已完成 D 轮融资,63,中国最大的自有品牌互联网家具B2C平台,美乐乐,177
已完成 A 轮融资,63,是一款有趣的可以拍摄新旧场景合成或对比照片的创意摄影社交手机应用。,足记,178
已完成 B 轮融资,63,杏仁医生是一个手机上的医患沟通管理工具,杏仁医生,179
已完成 B 轮融资,63,中国首家基于移动互联网技术开发的手机配货平台,运满满,180
已上市,63,A股上市公司，股票代码：SZ002280,联络互动,181
已完成 A 轮融资,64,智能Wi-Fi营销系统，它由硬件+软件构成，一方面是企业级路由器，另一方面则为提供客户营销服务。,树熊网,182
已完成 A 轮融资,64,面向高校市场的网络便利店电商平台和O2O服务商。,59store,183
已完成 A 轮融资,64,化妆品正品销售平台。,尚妆网,184
已完成 A 轮融资,64,提供保健按摩等上门健康护理服务的O2O技术公司。,点到,185
已完成天使轮融资,64,硬件开发者服务平台，包括嵌入式云端平台“WildDog 云”、嵌入式开发系统“WildDog OS”、支持快速原型开发的硬件平台“WildDog HardWare”等,Wilddog野狗,186
已完成天使轮融资,64,注于发展农家乐乡村民俗旅游事业及农家乐宣传为主的网站，为中国家庭和企业的度假出行提供乡村旅游解决方案。,住两天,187
已完成 B 轮融资,66,国内最大女性社区及生理期管理工具。,美柚,188
已完成 A 轮融资,66,城市白领青年公寓。,寓见,189
已完成 A 轮融资,67,Tezign特赞是一个对接设计师与科技创业公司的平台，致力于帮你找到优秀的设计师。特赞（北京）信息科技有限公司旗下产品。,特赞,190
已完成 A 轮融资,67,,昂腾智造,191
已完成天使轮融资,68,美车美品是一个汽车用品批发特卖网站。隶属于大连亿联科技股份有限公司。,美车美品,192
已完成天使轮融资,69,婚礼猫结婚综合平台（原名淘喜猫结婚综合平台）是一家O2O模式的婚宴预订平台，为准备结婚的准新人提供婚宴酒店的在线搜索、查询和咨询服务。广州喜淘信息科技有限公司旗下网站。,婚礼猫,193
已完成 D 轮融资,69,唱吧是一个手机KTV唱歌娱乐应用。北京最淘科技有限公司旗下产品。,唱吧,194
已完成 A 轮融资,69,永洪科技是一家大数据服务和BI商业智能分析服务商，专业从事数据治理和数据价值发掘，旗下产品有Yonghong Z-Suite等。隶属于北京永洪商智科技有限公司。,永洪科技,195
Pre-IPO,70,海润影视制作有限公司是目前国内最大民营影视制作公司，年平均产量电视剧600多部剧集，制作业绩已超过大多数国营公司。,海润影视,196
已完成 B 轮融资,70,北京影谱互动媒体科技有限公司依托公司在互动视频技术、网络视频技术和在线广告技术等领域的领先优势，致力于开发具有革命性意义和商业价值的数字娱乐技术，于2014年重拳出击在线视频植入广告和互动视频市场。,影谱科技,197
已完成天使轮融资,70,疯贴-Fun是一个基于图片的移动社交应用，用户可以直接在照片上吐槽，也可以在图片上描绘生活的美好—你可以在自己或别人发出的图片上，任加评论或表情贴图。,疯贴,198
已完成 B 轮融资,70,节操精选是一个主打奇葩、搞笑段子的手机娱乐应用，北京爱声声科技有限公司旗下。,节操精选,199
已完成天使轮融资,71,有视角的商业资讯与交流平台。,虎嗅,200
已完成 B 轮融资,71,手机微视频社交应用。,微拍,201
已完成天使轮融资,71,程序员问答社区，为开发者提供高效的解决问题平台。,SegmentFault,202
已完成天使轮融资,71,关注汽车行业的社会化客户关系管理解决方案提供商，为汽车厂商、4S店等 提供客户关系管理微信公众号解决方案等。,车商通,203
已完成天使轮融资,71,房产服务平台，主打产品为房产销冠app，通过移动互联网创新并改造房地产行业营销环节，通过对楼盘销售的轻量化CRM系统（房产销冠APP）升级，同时打通全民经纪人分销系统（微经纪），实现外围销售系统与案场销售管理的高度契合，提高客户匹配度。,房产销冠/卡考网络,204
已完成天使轮融资,72,云造从事于智能代步工具的设计、研发、销售、社区运营，旨在以智能移动技术改变人们的出现生活方式。“智行车™”是协同用户、厂家一起用智能技术、数据分析、设计创新来创造全新时代的代步出行工具的开放社区。,云造电动车,205
已完成 A 轮融资,72,灯具解决方案专家。零配置，即插即用，彩色LED节能灯泡，无线WI-FI网络控制，可通过多平台智能手机App远程控制。,Yeelight,206
已完成 A 轮融资,72,手机上的英语学习平台，前身是优趣背单词，旗下包括知米背单词、知米听力等。,知米英语,207
已完成 A 轮融资,73,公司成立于2012年5月，公司创始人来自美国。甜派专注于移动互联网及电子商务，借助优质的行业资源，致力于开发及运营移动电子商务应用软件及平台。 已推出手机蛋糕预定App【蛋定】，及一系列针对甜品、美食领域的O2O移动应用软件。,甜派,208
已完成 A 轮融资,73,前身叫我要看牙网，是一个牙齿健康手机应用。 可以用爱牙的巴士刷牙小助手，每天保持正确刷牙；可以用症状查查先了解自己牙齿症状；可以用牙医问问免费咨询专业牙医；想知道身边有哪些优质牙科医院，可以用找找牙科发现身边的牙科。,爱牙,209
已完成 C 轮融资,74,蘑菇街是一个女性购物分享及导购社区。杭州卷瓜网络有限公司旗下网站。,蘑菇街,210
已完成 B 轮融资,74,UCloud云计算隶属于上海优刻得信息科技有限公司，专注于IAAS（基础架构云计算）的产品研发与运营服务。,Ucloud,211
已完成 B 轮融资,74,团车网是一个汽车及汽车用品团购网站，用户可以参加汽车装饰、汽车用品、 二手车、汽车保险、维修保养、学车租车等团购，团车互联网信息服务（北京）有限公司旗下。,团车网,212
已完成天使轮融资,74,爱点击iClick是一家在线广告需求方平台(Buy-side Platform)，为广告主计划、投放及优化多渠道广告投放，包括︰搜索推广、展示广告、社交媒体及移动终端。,iclick,213
已完成 B 轮融资,74,专注于互联网招聘的服务网站，3W咖啡旗下网站。隶属于北京拉勾网络技术有限公司。,拉钩网,214
已完成天使轮融资,75,虾baby是一个原产地小龙虾品牌，主营麻辣小龙虾、精品海鲜、牛板筋、精酿啤酒等夜宵食品，以O2O为主营模式，配送范围覆盖北京市6环以内主要社区。,虾baby,215
已完成天使轮融资,75,闪电刷是一家移动支付技术研发公司，提供了一种全新的支付方式，用户持公交卡、银联闪付卡贴在 NFC 手机背部即可扣掉卡里的电子现金，完成支付。团队成员来自豌豆荚、百度、谷歌、美丽说等知名互联网公司。,闪电刷,216
已被并购,76,艾德思奇adSage是一家数字营销和广告技术公司。,艾德思奇,217
已完成 B 轮融资,76,中国领先的微信第三方服务提供商、微商运营商，及移动OA提供商。,微盟,218
已完成 B 轮融资,76,中国领先的情侣社交应用。,小恩爱,219
已被并购,76,亚太领先的音乐娱乐全产业链集团。,海蝶音乐,220
已被并购,76,国内最大的搜索引擎及互联网广告公司之一。,煜唐联创（品众互动）,221
已完成 B 轮融资,77,实现资源秒级响应并按秒计费的基础云服务商,青云qingcloud,222
已完成 C 轮融资,77,基于手机平台的代驾服务平台,e代驾,223
已完成 A 轮融资,77,基于移动互联网技术开发的全免费手机管车配货平台,运满满,224
已完成 B 轮融资,78,网络视频综合服务商，全面覆盖电视端、PC端、手机端、PAD端，此前叫奇艺。,爱奇艺,225
已上市,78,致力于制作、发行影视产品的文化创意企业，旗下有全资子公司浙江金球影业有限公司、浙江金溪影视有限公司、杭州大策广告有限公司，是国内目前规模最大、实力最强的民营影视企业之一，也是经国家商务部、文化部、国家广电总局、新闻出版总署四部委批准的首批国家文化出口重点企业。,华策,226
已完成天使轮融资,78,手机游戏和网页游戏公司，2013年前以研发WebGame为主，研发过3款WebGame产品，代表作品是传奇类页游《怒斩》；2013年年中开始转向基于Unity3D的重度ARPG手游研发，主打产品为《全民奇迹》。,天马时空,227
已完成 C 轮融资,79,以经期健康为核心，关爱女性健康的手机应用,大姨吗,228
已完成 A 轮融资,79,健身及减肥服务平台，队针对不同类型、不同需求的健身人群给出饮食和训练的建议和指导。,FitTime睿健时代,229
已完成 B 轮融资,80,"随手记是一个移动互联理财平台，主要为用户提供个人理财产品——随手记相关的iphone,android客户端以及记账网站。",随手记,230
已完成 B 轮融资,80,深圳柔宇科技（Royole）致力于从事柔性显示背板技术的研究开发和产业化。,柔宇科技,231
已完成 A 轮融资,80,Formax Group（福亿）是一家金融及证券业务在线交易平台，目前主打外汇在线交易平台，为全球客户提供外汇、黄金、白银、原油等多种产品。,FORMAX,232
已完成 A 轮融资,80,英威诺是一家移动互联网内容运营与服务提供商，整合用户、运营商、终端商、内容与服务商之需求，提供独特的移动聚合产品及服务，覆盖自媒体平台、移动阅读等。,英威诺,233
已完成天使轮融资,80,Push极光推送是Android平台的消息推送服务平台，让开发者可以向其APP的用户推送通知或者消息，与用户互动，深圳市和讯华谷信息技术有限公司旗下。,极光推送（jpush）,234
已完成天使轮融资,81,服务于塑料行业的跨境电商平台，由山东支点信息科技有限公司开发及运营，团队成员皆为从事塑料行业全球市场营销、生产技术管理以及互联网运营推广的资深人士，拥有丰富的行业经验及全球资源。,Lookingplas,235
已完成天使轮融资,81,装修O2O服务平台，可以让家装业主和工长建立直接联系、价格透明、去中介化的平台。,家十分,236
已完成 A 轮融资,82,第三方代收货服务平台，覆盖上海和北京主要的社区、学校、商业区以及地铁沿线。,收货宝,237
已完成 B 轮融资,82,"中国首家跨屏联动视频广告平台,可实现跨网络、跨终端、跨屏幕、跨媒体广告投放及数据计算。",云联科技,238
已完成 A 轮融资,82,国内第一款针对女性美胸、个性化推荐合适内衣的APP。,解放杯,239
已完成 A 轮融资,82,定位于时尚环保的个人智能穿戴交通工具，总部位于美国加州。,ACTON,240
已完成 A 轮融资,82,创新的眼镜零售品牌，通过流动验光车提供免费处方验光的服务，让用户足不出户配眼镜。,伊视可眼镜,241
已上市,83,旅行领域的垂直搜索及预订服务网站，可以在线预订机票、酒店、度假产品等，北京趣拿信息技术有限公司旗下产品。,去哪儿,242
已完成 D 轮以上融资,83,女性时尚社区和社会化电商平台，致力于为女性用户提供最美丽的时尚购物体验，用互联网技术为她们解决“怎么穿，哪里买”的问题。,美丽说,243
已上市,83,世纪互联成立于1999年，是一家第三方的互联网基础设施服务提供商，向客户提供业界领先的服务器及网络设备托管服务、管理式网络服务、内容分发网络服务及云计算服务，2011年4月在纳斯达克上市。,世纪互联,244
已完成 D 轮以上融资,84,e家洁是一个网络保洁服务平台，支持用微信、APP叫阿姨提供保洁服务。隶属于北京新车云信息技术有限公司。,e家洁,245
已完成天使轮融资,84,INXX是世界顶尖潮流时装买手店INXX的同名品牌，主打暗黑系列时装，将街头文化与时装融合在一起，推出的限量设计款，深受明星喜爱。,INXX,246
已完成 D 轮以上融资,85,嘀嘀打车（后更名为滴滴打车）是一个手机智能叫车系统，帮助乘客随时随地、方便快捷的叫到出租车，帮助司机低成本更方便的接受预订。,滴滴打车,247
已完成 B 轮融资,85,养车点点是一个汽车后市场的移动O2O服务平台，包括商户版、车主版，提供洗车、保养、在线专家提问等各类汽车对接服务，杭州小卡科技有限公司旗下产品。,养车点点,248
已完成 A 轮融资,85,运满满是一家基于移动互联网技术开发的全免费手机管车配货平台，致力于公路运输行业，为车找货（配货）、货找车（托运）提供全面的信息及交易服务。上海细微信息咨询有限公司旗下产品。,运满满,249
已完成 A 轮融资,85,友友租车是一个P2P模式的私家车租车分享平台，会员可以通过平台租赁周围的闲置私家车，或者出租自己的闲余车辆给别人，北京友友联创信息技术有限公司旗下网站。,友友租车,250
已完成天使轮融资,86,Oculii是一家智能汽车科技公司。,Oculii,251
已完成天使轮融资,86,"国科天成（北京）科技有限公司（简称""国科天成""）是隶属于中国科学院空间应用工程与技术中心，由联想控股投资的高新技术企业，从事高性能GNSS核心算法研发和多系统高动态、高精度卫星导航产品的设计、开发和生产，为航空、航天和军用领域。",国科天成,252
已完成天使轮融资,86,宁波索福人能源技术有限公司创立于2014年，是一家从事固体氧化物燃料电池（Solid Oxide Fuel Cell，SOFC）发电系统研发的高科技公司。,宁波索福人能源技术有限公司,253
已完成天使轮融资,86,聚富科技从事3D打印机业务。,聚富科技,254
已完成 A 轮融资,87,房产全民众销O2O平台，提供房产市场渠道营销服务和房产经纪人推荐、对接服务等。,好屋中国,255
已完成 B 轮融资,87,为K12阶段学生提供作业解答、教学辅导的移动应用，提供作业云搜索、辅导、拍照获得题目解答服务等。,学习宝,256
已完成 A 轮融资,87,一家在线旅游综合分销平台，提供国内短线、国内长线、出境旅游、自由行、机票预定、租车、门票等全线旅游产品的在线同业分销平台。,八爪鱼在线旅游,257
已完成 B 轮融资,87,专注于移动互联网综合数据服务，服务内容从基本的数据统计，到深入的数据分析、挖掘等。,TalkingData,258
已完成 B 轮融资,87,软硬件结合的运动健康服务商，通过咕咚手环、APP等监测用户运动睡眠等，并在云端建立个人健康档案。,咕咚,259
已完成 A 轮融资,87,在线贷款服务平台，提供各类贷款对接、问答、资讯服务等。,易贷网,260
已完成 B 轮融资,87,总部位于上海，主要业务由网络安全咨询及评估、国外网络安全及优化产品的中国市场推广以及自主知识产权网络安全产品三部分组成。网络安全咨询及评估、网络安全及优化整体解决方案提供商。,上讯信息,261
已完成 B 轮融资,88,正益无线旗下拥有国内最大的移动应用开发平台AppCan.cn， 在移动技术与移动互联网应用方面有着深厚的技术底蕴和丰富的项目实施经验， 是专注于为软件开发者和企事业单位，提供最前沿的移动应用技术与企业移动信息化整体解决方案的国家高新技术企业。,正益无线,262
已完成 A 轮融资,88,来一火是一家展业的火锅品类外送服务平台，为消费者提供火锅相关产品及多场景体验式服务。成都雅隆商贸有限公司旗下网站。,来一火,263
已完成 A 轮融资,88,上海悦体成立于2012年，专注于体育移动互联网开发、社会化体育媒体探索，旗下移动应用有球迷TV™、滑手们、运动画报均在各自细分领域内突破创新，深受体育迷、媒体、资本好评。,上海悦体,264
已完成 D 轮融资,89,潮流品牌商品销售平台。借助中国潮流产业的发展和YOHO!在平面媒体、网络社区、线下活动等产品的推广，目前已有200多个品牌“入驻”销售。,Yoho！有货,265
已完成 B 轮融资,89,O2O模式的家政及家庭服务平台，提供家务包年服务，提供全年52次(每周1次)专业的日式家庭保洁服务。,好慷家政,266
已完成 A 轮融资,89,前身是性价比app，是一个情趣用品移动电商及社区平台。,他趣,267
已完成 C 轮融资,90,OneAPM是一个应用性能管理云解决方案服务平台，支持web app和mobile app，中国的New Relic，北京蓝海讯通科技有限公司旗下产品。,OneAPM,268
已完成 B 轮融资,90,A.I.Nemo小鱼在家是一个主打陪伴家人概念的家庭智能陪伴机器人，推动家人之间的联系与交流，北京小鱼儿科技有限公司旗下产品。,小鱼在家,269
已完成 B 轮融资,90,XAIRCRAFT（极飞科技）是一家无人机解决方案技术公司，设计、制造、销售多旋翼飞行控制器及无人机载机等产品，隶属于广州极飞电子科技有限公司。,极飞无人机,270
已完成 B 轮融资,90,UcPaas云之讯网络是一家专注于主打通讯服务的云平台，为互联网、移动互联网的广大开发者和企业提供通讯能力的云计算PaaS平台，支持构建语音、短信、VOIP、视频等解决方案。,云之讯,271
已完成 C 轮融资,90,蜻蜓fm是一款收听广播电台的工具，提供全球在线新闻、音乐、经济、娱乐等3000多个电台频道，以及主播电台、有声读物、各类播客等点播内容。上海倾听信息技术有限公司旗下。,蜻蜓FM,272
已完成 B 轮融资,91,蜜淘网前身叫CN海淘网，是一家主打海淘代购和全球购的电子商务网站，提供海淘品牌限时特卖服务。北京背篓科技有限公司旗下网站。,蜜桃,273
已被并购,92,一家基于大数据的高考志愿填报信息及服务平台，提供各类大学信息、热门专业等信息服务，以帮助高考生解决如何报志愿、如何选专业的难题。,高考派,274
已完成 B 轮融资,92,一个面向0-8岁儿童的互联网早教品牌，在“小伴龙”APP中，0-8岁的孩子可以充当故事主角，与APP里的卡通角色“小伴龙”一起学习、探险、完成任务，享受求知和探索乐趣，包括唱儿歌、跳舞、背唐诗等功能，互动性比较强，覆盖儿歌故事、职业体验、英语学习、生活习惯、百科知识等领域。,小伴龙,275
已完成 A 轮融资,92,一款基于大数据的智能题库产品，分为教师端与学生端，可在上面进行智能出题、多形式批注、学习效果的数据统计与图谱搭建，根据学习状况获得针对性智能推荐等。,作业盒子,276
已完成天使轮融资,92,一家面向6-12岁儿童家庭的在线美术教育机构，致力于保护孩子天性，激发创作潜能。,画啦啦,277
Pre-IPO,93,江阴苏利化学股份有限公司成立于1990年，历经20年发展已成为一家业内知名的精细化工企业，专业从事以“苏利”为品牌的农用化学品、阻燃化学品、定制化学品的研发、生产、登记、销售。,苏利化学,278
已完成 C 轮融资,93,泰坦科技由在读博士生创办的高科技企业，公司产品分为高端试剂、通用试剂、分析试剂、实验耗材、仪器仪表、安全防护、实验室建设和科研信息化软件八大业务板块，为生物医药、新材料、新能源、化工化学、精细化工、食品日化、分析检测等领域提供全方位的产品与服务。,泰坦科技,279
已完成 B 轮融资,93,上海泰昌健康科技有限公司成立于2010年，是一家集科研、生产、销售健身按摩器材为一体的专业企业。,泰昌健康,280
已完成 B 轮融资,93,易家科技（北京）有限公司是国际较早、国内领先的基于IP网络和3G无线通信技术的视频流媒体运用研发机构、系统平台开发及相应终端产品制造的高科技企业。,易家科技,281
已完成 C 轮融资,94,手机应用开发商，产品主要包括触宝号码助手、触宝输入法等。,触宝,282
已完成 B 轮融资,94,关于整容整形的手机服务APP，2014年8月品牌升级为“更美”。北京完美创意科技有限公司旗下产品。,更美,283
已完成 A 轮融资,94,手机上的O2O洗车应用，为用户洗车提供一站式解决方案和预约洗车服务。,TT快车,284
已完成天使轮融资,95,鲜榨喜剧成立于2010年5月，位于北京电影制片厂内，是一家欧美喜剧表演、培训与创作机构。可以为电视台提供原创喜剧节目，主要是欧美的喜剧样式包括小品、小丑戏、即兴喜剧、脱口秀、默剧等等。,鲜榨喜剧,285
已完成 B 轮融资,95,北京森哲若信息技术有限公司(Sensoro)是一家服务零售企业的科技公司，致力于将互联网数据挖掘与智能传感器相结合，为传统零售行业带来数据化、智能化的全新销售方式，主打产品为“云子”，可以方便地被安置在商场或是其他任何地方。,Sensoro,286
已完成 A 轮融资,95,“线上预约+线下门店”模式的美容技师和顾客预约购买平台。,百彩嘉,287
已完成 A 轮融资,95,网络购物代购服务商，自建专业的实体代购服务门店、为购物者提供服务，并实现了标准化连锁经营。,中捷代购,288
已完成天使轮融资,96,惠锁屏是一个锁屏广告平台，通过在锁屏上插入广告这一突破口，用户可以用碎片化时间，或者是无意识的解锁过程来观看一个图片广告。,惠锁屏,289
已完成天使轮融资,96,深圳市星河互动科技有限公司是一家专注于移动游戏发行运营的游戏公司。,星河互动,290
已完成 B 轮融资,97,移动医疗科技研发与应用服务企业，为各级医疗机构、家庭、个人搭建移动医疗和移动健康服务平台。,芯联达科技,291
已完成 A 轮融资,97,第三方整形美容服务平台，提供更安全可靠的整形美容咨询和预约服务。,美尔贝,292
已完成 A 轮融资,97,最in的O2O品牌：甜心摇滚沙拉，健康轻食引导者。,甜心摇滚沙拉,293
已完成 A 轮融资,97,极具创新的白领商务轻食O2O平台。,楼下100,294
已完成 A 轮融资,97,国内知名的电子竞技赛事&媒体服务商。,九十九网络,295
已完成 A 轮融资,98,上海庆科（MXCHIP）是一家专注于嵌入式无线模块和产品的供应商，推出了一系列嵌入式Wi-Fi、ZigBee、BLE、NFC等模块产品，为物联网应用提供完备的短距离标准无线网络接入解决方案，目前产品已经批量应用于白色家电、远程医疗、智能电网、智能交通等领域。,上海庆科 ,296
已完成 A 轮融资,98,乐奇足球是一家致力于为用户解决订场难、约球友难问题的创业公司，并致力于打造运动消费的互联网服务商，旨在为足球爱好者提供一个真实有趣的活动平台。深圳市米诺奇科技有限公司旗下产品。,乐奇足球 ,297
已完成 A 轮融资,98,博合智慧主要为消费者提供酒店产品的实时搜索、提供切合环保理念的各项数据，致力于为提供全面、准确、个性化的行程信息服务，打造专注专业、物超所值、智能、便捷、环保的酒店预定平台。 ,博合智慧,298
已完成 B 轮融资,99,在线理财服务平台，提供理财产品和金融服务的搜索、对比、查找、咨询，以帮助投资者找到最合适的理财产品和最优质的理财服务。,金斧子,299
已完成 B 轮融资,99,面向货运行业的服务对接平台，目前开发的移动信息平台应用包括线上资源整合管理系统、项目管理、O2O信息平台等。,罗计物流,300
已完成 B 轮融资,99,P2P模式的货车对接服务平台。 ,快狗快运,301
已完成 B 轮融资,100,主打汽车后服务、养车类B2C电商平台，主营 轮胎、机油、汽车保养、汽车美容等，途虎目前有1200 多家合作安装门店，服务能力覆盖19个省、266个城市 ，并在主要城市自建物流车队，提供配送服务。,途虎养车,302
已完成 B 轮融资,100,专注于移动互联网尤其是汽车领域的移动互联网公司，旗下产品有车轮社区、车轮查违章、车轮考驾照等。,车轮,303
已完成 B 轮融资,100,手机上的理财产品交易平台，提供银行理财产品信息、比较、直接购买服务等，杭州铜板街网络科技有限公司旗下。,铜板街,304
已完成 A 轮融资,100,新上线的手机炒股软件，致力于帮助用户获得交易机会，搭建跟牛股、找牛人、智能盯盘，高手云集的人气炒股社区。,牛股王,305
已上市,100,游戏开发和发行商，已于2014年在国内A股上市。,天神娱乐,306
已完成 B 轮融资,101,好贷网是一个专业的企业及个人贷款智能搜索引擎，可以为借贷人寻找到最佳的贷款渠道，也能帮银行及金融机构寻找精准匹配的信贷客户。,好贷网,307
已完成 B 轮融资,101,斗鱼TV（斗鱼直播）是一家游戏直播平台和弹幕式直播分享网站，前身为生放送直播。目前以游戏直播为主，涵盖了体育、综艺、娱乐等多种直播内容。广州斗鱼网络科技有限公司旗下产品。,斗鱼,308
已完成 B 轮融资,101,爱鲜蜂于2014年5月中旬上线，社区OTO专注于生鲜最后一公里配送，主打闪电配送。,爱鲜蜂,309
已完成 B 轮融资,101,懂球帝是一个专注于足球的体育资讯和社区，旗下有懂球帝APP等。北京多格科技有限公司旗下产品。,懂球帝,310
已完成 D 轮以上融资,101,晶合思动BlingStorm是一家手机游戏开发商，产品有《猎鱼高手》、《口袋大厦》、《泡泡姜饼人》等。,晶合思动,311
已完成 A 轮融资,102,107间是一个对接租房与出租需求的服务，隶属于北京六度草堂网络科技有限公司。,107间,312
已完成 A 轮融资,102,闻题鸟TiBird是一个面向中小学的作业答疑神器应用，为用户提供“你的清华私人学习助理”，闻题鸟（北京）信息技术有限公司旗下产品。,闻题鸟,313
已完成 A 轮融资,102,HiStarter是一家专注于创业公司招聘服务的网站。,HiStarter,314
已完成 B 轮融资,103,注于网络游戏开发运营的技术公司，Youkia新一代图形虚拟化游戏社区，推出大型《战棋webgame》《前线》， 推出创新性的社交游戏《植物大战僵尸online》。,天上友嘉,315
已完成天使轮融资,103,天时通致力于MMI（Man–Machine Interface人机界面）与HCI（Human–Computer Interface人机交互）技术研发。是中国拥有多点触控专利最早、数量最多的公司。,天时通,316
已完成天使轮融资,103,手机游戏公司，致力于开发精品手机游戏。,钛核互动,317
已完成 C 轮融资,104,以经期健康为核心，关爱女性健康的手机应用,大姨吗,318
已完成 C 轮融资,104,基于数据化挖掘的个性化信息推荐引擎,今日头条,319
已完成 D 轮以上融资,104,美丽说是一个女性时尚社区和社会化电商平台，致力于为女性用户提供最美丽的时尚购物体验，用互联网技术为她们解决“怎么穿，哪里买”的问题。,美丽说,320
已完成 A 轮融资,104,e保养是一家汽车上门保养服务提供商，用户可通过微信、网站等便捷方式下单，e保养登门为用户车辆进行专业保养，北京福瑞车美信息技术有限公司旗下产品。,E保养,321
已被并购,105,天天动听是一款手机音乐播放器，是一家正版数字音乐服务提供商，上海水渡石信息技术有限公司旗下产品。,天天动听,322
已完成 B 轮融资,105,爱回收网(前身是爱易网)是一个手机数码回收置换服务，上海悦易网络信息技术有限公司旗下。,爱回收,323
已完成 A 轮融资,105,小马购车是一个基于移动互联网的试驾购车平台，提供体验式汽车电商服务。提供免费试驾上门、真实车主陪驾、全城底价购车、差价双倍返还、提车全程陪同服务。隶属于上海达加马信息科技有限公司。,小马购车,324
已完成 A 轮融资,106,一款全新的图片创意软件，鼓励用户做低成本的漫画化创作。,Fork叉子相机,325
已完成 B 轮融资,106,中国本土化大型女子偶像团,SNH48,326
已完成 A 轮融资,106,动漫服务网站，旗下有翻翻漫画网、漫画APP“漫享”、漫画电子平台“一止漫画”、漫画杂志《漫画行》等。,翻翻动漫,327
已上市,108,首家登陆美国纳斯达克（上市代码BONA）的中国内地影视集团。,博纳影业,328
已上市,108,主打体检的健康管理公司，纳斯达克上市。,爱康国宾,329
已上市,108,集研发、生产、销售和服务为一体并具有企业自营进出口权的专业型医疗电子仪器设备供应商，创业板上市。,理邦仪器,330
已完成 A 轮融资,108,新文化传媒公司，致力于为城市新兴中产阶级打造优质的、多媒体形式的文化产品。,果麦文化,331
已完成 B 轮融资,108,主打疾病诊疗和健康管理服务提供商，借鉴香港的连锁诊所模式，提供家庭医生服务。,卓正医疗,332
Pre-IPO,108,本土最大的人力资源服务提供商。,科锐国际,333
已完成 A 轮融资,108,好牙医是一个主打牙医在线预约的O2O服务品台，隶属于北京融通信联科技有限公司。,好牙医,334
已完成 A 轮融资,109,O2O模式的汽车售后配件服务提供商，通过连锁门店及网上的方式为终端修理门店提供B2B售后配件直营服务。,康众汽配,335
已完成 C 轮融资,110,明星衣橱是一个时尚购物类APP，致力于帮助女孩们以便捷的方式买到和明星一模一样的衣服，学会明星的穿衣搭配。隶属于北京万象新天网络科技有限公司。,明星衣橱,336
已完成 C 轮融资,110,一亩田是一家主打农业的商务服务网站，提供农产品价格数据、供应和采购对接服务、农诚通和诚信供应商等业务等，隶属于北京一人一亩田网络科技有限公司。,一亩田,337
已完成天使轮融资,111,主打二次元声音分享的移动社交网络，集合了纯音乐、翻唱、广播剧、声音日记和各类声音作品。,被窝声次元,338
已完成 A 轮融资,112,主打奇葩、搞笑段子的手机娱乐应用。,节操精选,339
已被并购,113,好玩易用的掌上美图工具，它致力于提供手机上图片拍摄、美化、分享和云端相册的一站式图片服务。,魔图精灵（现百度魔图）,340
Pre-IPO,114,上海锦和商业经营有限公司是中国商用物业运营服务领域的领军者，专注于将老旧厂房、商铺打造成品牌创意园区，并经营管理、提供增值服务。,锦和商业,341
已完成 B 轮融资,114,米牛是一家互联网股票配资平台。2014年9月15日平台正式上线，截至2014年底，注册用户达11万，累计配资金额达到6.09亿元，0逾期0坏账。,米牛网,342
已完成 B 轮融资,115,在线提供典当、当铺服务的平台，支持房产典当、车辆典当、贵金属典当等。北京优品聚众科技有限公司（淘当铺）旗下网站。,淘当铺,343
已完成 B 轮融资,115,线上线下相结合的成人电商品牌，提供各类成人、情趣用品等，隶属于北京春水堂商业连锁有限公司。,春水堂,344
已完成 B 轮融资,115,专业的企业及个人贷款智能搜索引擎，可以为借贷人寻找到最佳的贷款渠道，也能帮银行及金融机构寻找精准匹配的信贷客户。,好贷网,345
已完成 A 轮融资,115,线上线下相结合的家具定制销售平台,丽维家,346
已完成 A 轮融资,115,票据理财产品服务提供商，所有产品都由银行担保。票据理财此前主要为银行直接面向对公客户进行的小范围流通理财产品，而钱升钱则将此服务带给了更多的个人投资用户。,钱升钱,347
已完成 A 轮融资,116,原创社交游戏的开发和运营商。曾推出《胡莱旅馆》《胡莱三国》《斩仙》《神仙劫》《胡莱德州扑克》等游戏。净利润1亿多。,胡莱游戏,348
已完成 B 轮融资,116,房地产整合营销服务平台，提供手机房多多、B2C地产网站、房多多业务管理系统。翻了,房多多,349
已被并购,116,"中文有声读物交流平台,提供有声小说、戏曲、评书、儿歌、广播剧等有声读物和网络电台节目免费收听。（备注：已退出，3-5倍回报）",懒人听书,350
已完成天使轮融资,118,APUS Group是一家专注于海外的移动互联网开发公司，APUS Launcher是旗下一个Android手机桌面软件，采用极简界面设计，安装包仅有1MB，可以基于云端大数据分析、为用户智能推荐适合的app。,APUS,351
已完成天使轮融资,118,人人车是一家二手车交易服务平台，主打个人二手车、无差价交易服务。北京善意善美网络技术有限公司旗下网站。,人人车,352
已完成天使轮融资,118,学堂在线是是免费公开的MOOC（大规模开放在线课程）平台。,清华学堂在线,353
已完成天使轮融资,119,一个即时图片社交工具。,Emo,354
已完成天使轮融资,119,一款可以玩的短视频社交工具。,可见,355
已完成 A 轮融资,120,夸客金融是一个为个人提供金融服务及P2P借贷的网站，产品有车易贷、薪易贷、商易贷等。上海夸客金融信息服务有限公司旗下产品。,夸客金融,356
已完成 A 轮融资,120,先花花是一个专为大学生打造的手机消费助手，大学生可享受先消费后付款服务、轻松获取心仪商品。 “先花花” 用户的成长记录会通过专业模型转化为有效的个人诚信数据，为大学生积累原始信用记录。先花信息技术（北京）有限公司旗下产品。,先花花,357
已完成 A 轮融资,120,飞盒艺术派是一个在线绘画、 漫画学习社区，旗下元气弹漫画是一个原创漫画阅读与设计应用，上海飞盒数码科技有限公司旗下产品。,元气弹,358
已完成天使轮融资,120,十方旅行是一家专注境外旅行线路定制服务的旅游品牌，致力于让中国朋友去体验最美的、最独特的世界。,十方旅行,359
已完成 D 轮融资,121,钢材现货资源信息分享平台，为买家提供找货交易服务。,找钢网,360
已上市,122,9158聚乐网是一个视频直播和互动娱乐平台，天鸽集团旗下产品。,天鸽（9158）,361
已上市,122,中文在线是一家数字出版及版权服务公司，主要以版权机构、作者为正版数字内容来源，进行内容的聚合和管理，向手机、手持终端、互联网等媒体提供数字阅读产品；为数字出版和发行机构提供数字出版运营服务；通过版权衍生产品等方式提供数字内容增值服务。,中文在线,362
已完成 B 轮融资,122,国产原创动漫品牌，产品覆盖绘本、动漫、周边产品等，隶属于北京梦之城文化有限公司。,阿狸,363
已完成 B 轮融资,122,泽普Zepp是一个主打可穿戴设å备、软硬件结合和动作捕捉的技术服务商，旗下产品包括Golf动作辅助训练系统GolfSense等，泽普互动（北京）科技有限公司旗下产品。,Zepp,364
已完成 A 轮融资,122,中国领先之移动英语学习平台及社区,英语流利说,365
已完成天使轮融资,122,玩图是一个手机端的图片编辑及分享工具，北京云图微动科技有限公司旗下。,玩图,366
已完成天使轮融资,123,当客是一个运动装备社区和运动装备百科平台，目前主要以篮球鞋和跑步鞋作为主要内容，收录档案总数量超过2000款，配色及货号信息超过3万条。,当客,367
已完成 A 轮融资,123,又拍云UPYUN是一个非结构化数据云存储、云处理、云分发平台，杭州纬聚网络有限公司旗下项目。其前期主要为又拍网、又拍图片管家提供图片云存储、云计算服务，在2010年2月对所有用户开放使用。杭州又拍云科技有限公司旗下产品。,又拍云,368
已完成天使轮融资,123,WildDog野狗是一家实时BaaS云服务提供商，可提供实时消息双向推送服务和在客户端上直接进行编程的能力。此前，曾为一个硬件开发者服务平台，包括嵌入式云端平台“WildDog 云”、嵌入式开发系统“WildDog OS”、支持快速原型开发的硬件平台“WildDog HardWare”等。北京星港联合科技有限公司旗下产品。,野狗,369
已完成 B 轮融资,124,在线英语学习机构。,VIP ABC/TutorGroup,370
已完成 A 轮融资,124,手机版的日记软件。,粉粉日记,371
已完成 B 轮融资,124,亚洲领先的手机游戏公司之一。,Epicforce,372
已完成 A 轮融资,125,NewBand牛班网是一个主打在线音乐教育类服务产品，主打“明星音乐教室”，邀请乐坛高手参与音乐教学服务。上海纽班文化发展有限公司旗下产品。,牛班,373
已完成 A 轮融资,125,随行随停致力于打造城市交通平台，涵盖停车服务、寻车、支付、商场定位导航服务等，腾石智能科技（上海）有限公司旗下产品。,随行随停,374
已完成 A 轮融资,125,NoQ是一款手机智能排队APP应用，用户可以通过NoQ随时随地了解餐厅排队等位情况、设置自定义排号提醒，还可通过NoQ远程领号，大大节约店前等待时间，上海巨兴数码科技有限公司开发，旗下产品还有“牛排”。,NoQ,375
已被并购,126,影视内容投资、制作及衍生品服务商，主营业务包括电视剧及电影业务、艺人经纪业务、游戏开发业务、电视剧音乐制作业务。作品有《王的女人》、《宫》、《画皮2》、《宫锁珠帘》等。,欢瑞世纪,376
已完成 B 轮融资,126,苹果设备绿色管理软件及移动APP推广平台。,ITools ,377
已完成 A 轮融资,126,"北京筑巢新游网络技术有限公司成立于2014年1月,。主营业务为IOS平台游戏的发行及联运，在IOS游戏发行领域有着丰富的行业经验，曾代理发行过多款优质产品。",筑巢新游,378
已完成 A 轮融资,126,手机游戏公司，致力于开发精品手机游戏。,钛核互动,379
已完成天使轮融资,126,O2O模式的上门理疗、推拿、按摩服务平台。,理大师,380
已完成 A 轮融资,126,面向腐女的垂直社区，提供优质耽美文阅读和推荐、大量腐女必看动漫视频免费随享。,豆腐,381
已完成 C 轮融资,127,辣妈帮是一个女性手机社区，由深圳市网智科技开发有限公司开发，旗下还有辣妈微生活、爱宝宝365等。,辣妈帮,382
已完成 A 轮融资,127,绿狗网(此前叫绿狗SIRI)，提供法律文件的在线创建与审核、找律师等法律服务。隶属于北京市律购信息技术有限责任公司。,绿狗网,383
已完成 B 轮融资,128,手机上的理财产品交易平台，提供银行理财产品信息、比较、直接购买服务等。,铜板街,384
已完成 A 轮融资,128,为酒店提供SaaS+PaaS服务的解决方案服务商。, 别样红云PMS,385
已完成 A 轮融资,128,主打自行车运动的媒体网站与社区服务平台。,700Bike,386
已完成 B 轮融资,129,摩奇园林是一家致力于研发和生产更加符合中国的环保低碳覆盖物，为改善城市空气质量和美化城市环境的新型企业。,摩奇园林,387
已完成 A 轮融资,129,上海格奕成立于2013年，专注于移动互联网游戏研发，致力于提供最优质、有趣、有诚意的游戏作品。,格奕游戏,388
已完成 A 轮融资,129,好买车是上海轩言网络信息科技有限公司旗下的“网上比价购车”的O2O电商平台。,好买车,389
已完成 A 轮融资,129,易诊APP是一个量化管理慢性疾病的移动应用，目前主要针对肝炎病友，仅需拍摄您的化验单，易诊将帮您电子化所有指标数据、生成指标曲线、推荐与您病情密切相关的医学常识、找出附近患友关注的问题。易诊会是你最忠实的伴随者、聆听者。,易诊,390
已完成天使轮融资,131,一家金融理财服务平台，致力于为投资人拉低理财门槛，为大众家庭搭建互联网金融服务平台；通过互联网O2O的模式，高效地为商会会员企业提供全套金融中介服务。,理理财,391
已完成天使轮融资,132,熊管家是一家提供洗衣服务的O2O服务商，提供在线预约下单、免费上门取送，由杭州熊管佳电子商务有限公司开发，该公司专注于无线生活服务类O2O研发与运营。,熊管家/熊管佳,392
已完成天使轮融资,132,当贝，致力于打造国内领先的智能电视行业平台、用户交流社区和一流的智能电视软件体验。,当贝网络,393
已完成 A 轮融资,133,汽车保养上门O2O服务提供商，上门提供常规汽车保养服务。,卡拉丁,394
已完成 A 轮融资,133,出国自助游市场的旅游O2O服务平台，提供境外旅游一站式服务。,iTrip（原名：澳乐网）,395
已完成 A 轮融资,133,专注视频语言学习产品的研发，致力于通过基于视频语料库的数据分析挖掘、移动应用、UGC社区、游戏化学习引擎等产品技术手段，打造兼具娱乐和学习属性的工具及内容分享社区。,魔方天空,396
已完成天使轮融资,133,颠覆传统零售业的商业模式，会员制快消品在线零售平台。,百恩百,397
已被并购,134,云计算数据中心解决方案提供商，提供企业专属网络、行业专属云、云计算数据中心等领域内的综合解决方案。,汉柏科技,398
已完成 B 轮融资,134,致力于数字图像处理算法研究与探索，拥有数字图像处理和图像人工智能识别技术研究经验。旗下有Camera360、HelloCamera等。,品果科技,399
已完成 A 轮融资,134,中国最大的IT技术社区和服务平台，旗下有CTO俱乐部、庞果网、代码托管+社交编程平台CODE等,CSDN,400
已完成 A 轮融资,135,生意专家为实体商户提供卓越的一站式开店产品。通过生意专家，管理繁琐的收银记账、客户关系、商品利润，并集成了各种创新的电子商务工具，帮助商家降低经营成本，提升顾客购物体验，增加销售收入。生意专家合了记账软件、收银系统、进销存软件、会员管理系统为一体；为超过10万商家轻松解决日常店铺管理的所有问题。,生意专家,401
已完成 A 轮融资,135,数赢云网络科技2010年成立于上海，是国内首家专注于新一代众包平台研发和运营的高科技公司。,数赢,402
已完成 B 轮融资,135,北京远为软件是一家云计算时代安全的虚拟化产品及解决方案提供商，产品有VirNOS虚拟网络安全管理系统、远为虚拟安全桌面vSec Desktop等。,远为软件,403
已完成天使轮融资,135,容么么是一个私人美容定制服务提供商，主打轻奢美容O2O平台，提供便捷的美容上门服务，隶属于北京高比格科技有限公司,容么么,404
已完成 Pre-A 轮融资,135,荷格科技AdbugTech是一家互联网广告品牌安全解决方案提供商，旗下实时互联网广告搜索引擎www.adbug.cn向广告产业链提供互联网广告验证、品牌保护、反作弊、语义定向等服务。,荷格科技,405
已完成天使轮融资,136,十方旅行是一家专注境外旅行线路定制服务的旅游品牌，致力于让中国朋友去体验最美的、最独特的世界。,十方旅行,406
已被并购,137,真人互动直播娱乐平台。,六间房,407
已被并购,137,移动互联网广告平台及建站平台。,悠悠村,408
已完成 B 轮融资,137,提供全球B2B采购服务的精准搜索引擎和导购平台。,马可波罗网,409
Pre-IPO,138,我爱我家网是一家主打家居家装的垂直门户及电商网站，以家庭装修和建材/家具/家居/家电团购为主营业务，隶属于上海鸿洋电子商务有限公司。,我爱我家,410
已完成 B 轮融资,138,苏州米粒影视（Mili Pictures）是一家家庭娱乐和影视服务商，致力于电影、动漫的策划、制作、投资、运营、管理、引进、发行、授权、衍生产品开发及销售的国际化专业公司。作品有《龙之谷》等。,米粒影业,411
已完成 A 轮融资,138,度周末是一个专注于周末生活安排的旅游及生活方式网站，不仅仅提供“旅游”服务，还力邀资深玩家和金牌设计师考察体验设计方案，提供各种不同的度周末方式，致力于带你过个有趣的周末。该网站隶属于苏州游良品网络科技有限公司。,度周末,412
已完成 B 轮融资,138,友加是一个融入娱乐元素的陌生人交友娱乐社区。友十（上海）网络科技有限公司旗下。,友加,413
已完成 B 轮融资,138,泰笛网是一家24小时在线洗涤服务网站。提供洗衣、洗鞋、洗包、家居用品洗涤乃至奢侈品洗护等一站式在线洗涤服务。,泰笛,414
已完成 B 轮融资,139,一个海外中文短租和特色旅游产品预订平台。,住百家,415
已完成 Pre-A 轮融资,139,一个下午茶甜品店连锁品牌。,胖仙女,416
已完成 A 轮融资,139,一个主打P2P共享经济模式的租车服务品牌，致力于让社会私家车闲置价值通过在平台出租变现。,快快租车,417
已完成 A 轮融资,139,一个WiFi 热点分享工具，用户可以上传自己知道的热点密码，也可以下载别人上传的热点密码，从而直接接入。,WiFi万能钥匙,418
已完成 A 轮融资,140,外勤365是一个采用SAAS模式的、面向企业外勤人员使用的移动办公工具，南京掌控网络科技有限公司旗下产品。,外勤365,419
已完成 A 轮融资,141,机上的洗车应用，车主可以通过手机快捷方便地洗车或者预约洗车， 北京微积分网络科技有限公司旗下产品。,e洗车,420
已完成 B 轮融资,141,爱空间是一家主打互联网标准化家装服务的O2O公司，提供可定价、定期的标准化家装，并通过线上实现交易和全程监控，线下实现体验和交付的新型家装模式。爱空间科技（北京）有限公司旗下，空间智慧装饰装修（北京）有限公司子公司。,爱空间,421
已完成 B 轮融资,143,UnitedStack（优思得）是一家OpenStack开源云计算公司，为企业和云服务商提供基于OpenStack的产品和开源服务。,UnitedStack,422
已上市,143,宝尊电商是一家第三方电子商务服务商，致力于帮助品牌和零售商提供电商代运营服务，目前提供从前端到后端的全套电商服务，包括网站搭建、更新及托管，IT设施搭建，客户服务，仓储物流服务以及数字营销等。,宝尊电商,423
已上市,143,吉祥航空以上海为主运营基地和维修基地，以上海虹桥国际机场和浦东国际机场为飞行基地，经营范围包括国内航空客货邮运输、商务旅游包机业务，内地至香港、澳门特别行政区和周边国家的航空客货运输业务。,吉祥航空,424
已完成天使轮融资,144,配购网是一家正品汽车配件采购平台及O2O电商网站，隶属于百配汇通网络科技（北京）有限公司。,配购网,425
已完成天使轮融资,144,牛牛汽车是上海爱擎网络科技有限公司旗下的汽车行业垂直类的B2B平台客户端，主要业务为通过互联网解决商家新车调配和买卖过程中的信息缺失与信息不对称问题。,牛牛汽车,426
已完成天使轮融资,144,筷来财是一家美食金融平台，食财有道旗下独立品牌。,筷来财,427
已完成天使轮融资,144,MaxusTech是一家专注创新人机交互技术的科技公司。,Maxus Tech,428
已完成 B 轮融资,145,礼物领域的垂直电子商务公司，旗下产品礼物说是一款礼物攻略和导购应用，提供礼物商店、扫描礼物商品条形码及录音等。,礼物说,429
已完成天使轮融资,145,手机端看漫画的移动应用，只需要花几分钟，就可以秒看超多有趣的“轻漫画”。,快看漫画,430
已完成 B 轮融资,145,面向年轻人的移动社交应用，你可以把消息变化成配有声音、文字或彩绘的图片，还可以发送配有文字和彩绘的短视频等。,Blink快看,431
已完成 A 轮融资,145,基于开源硬件的机器人积木搭建平台，让用户通过乐高积木的方式搭建自己的机器人，并进行可视化编程。,Makeblock,432
已完成 A 轮融资,145,提供旅游目的地深度旅行服务的初创公司，以当地专业司机提供当地包车游，带旅行者深度玩转目的地。,走着旅行,433
已完成 A 轮融资,146,人力资源管理云端服务平台，为中小企业提供一站式人力资源管理解决方案，包括社保管理、员工管理系统、培训、招聘、弹性福利等版块。,金柚网,434
已完成 A 轮融资,146,丰投网，由上海丰涛金融信息服务有限公司创办于2014年12月，总部在上海，注册资金1000万元。平台主打优质理财，低门槛提供年化9%-11%的稳健型理财产品。投资产品均有足值抵押物覆盖风险，同时由担保机构和丰涛金融对全额本息进行保障。,丰投网,435
已完成 A 轮融资,146,车联网技术公司，主打产品为A-cube联车魔方设备，可以通过App界面直观的知晓爱车的每刻状态、同时还有更多服模块。,联车科技,436
已完成 A 轮融资,146,一个安卓模拟器管理工具，提供个性化模拟器设置、应用下载和管理等。,靠谱助手,437
已完成 B 轮融资,146,一个基于信用卡收付房租的租房支付服务网站。,租房宝,438
已完成 D 轮融资,147,专注于为城市中高收入家庭提供特色餐厅外卖服务。,到家美食会,439
已完成 B 轮融资,147,帮助女性记录、管理、分享、交流自己的时尚搭配的产品的平台。,穿衣助手,440
已完成 A 轮融资,148,一个全自动智能鲜果榨汁售贩机终端。,维果部落,441
已上市,148,一站式品牌增值服务商。,品牌中国,442
已完成 A 轮融资,149,一个设计师作品分享、交流、展示平台。,站酷网,443
已完成 C 轮融资,149,一个中国鲜花高端品牌及网店。,Roseonly专爱花店,444
已完成 A 轮融资,149,一家中英文的科技博客，主要报道中国和亚洲的最新科技新闻。,动点科技,445
已完成 A 轮融资,150,一家汽车后市场本地汽车生活服务平台，提供汽车美容、装潢、保养、维修等对接服务。,车蚂蚁,446
已完成 B 轮融资,150,一家生物信息解决方案提供商。,Centrillion基因测序,447
已完成 A 轮融资,151,轻量级的CRM工具和企业服务软件，以表单作为营销的入口，收集目标和潜在客户的信息；以联系人管理为支撑，建立后续跟进的基础；以邮件、短信为营销出口，使企业能够更好地将信息传达给最终客户，从而帮助企业更轻松地达成客户管理和市场营销目标。,MikeCRM,448
已完成 A 轮融资,151,Worktile工作台（前身是知事）是一个新的团队在线写作工具，支持多平台、云端数据，进行团队任务管理、项目跟踪、通知日历、讨论交流等。,Worktile,449
已完成 Pre-A 轮融资,151,平行世界是一个提倡独立思考，把生活中的片段制成卡片分享给其他人，寻找世界上另一个自己的APP。,平行世界,450
已完成天使轮融资,151,基于校园的移动社交应用，可以“变色”玩法：白天实名、晚上匿名，为90后学生提供全新的社交服务。,黑白校园,451
已完成 B 轮融资,151,"一家专注为医学专业人士开发移动应用的公司，旗下目前有""病历夹""、""医口袋""、""医学文献""和""大话医学""4款产品。",杏树林,452
已完成 A 轮融资,152,奇怪便利隶属于上海奇快信息科技有限公司，专注于推进本地便利店/超市的电子商务化。,奇怪便利,453
已完成天使轮融资,152,"HelloMoney（财富你好）是一家专注于汽车行业的互联网金融平台，用户可以汽车抵押方式进行借贷，借款方一方面可以借钱给这些企业获取利息收益，也可以通过很低的抵押价格把汽车提取走,上海芒柠网络科技有限公司。",HelloMoney,454
已完成 B 轮融资,152,爱尚鲜花是一个O2O鲜花品牌，主打全球鲜花直送和同城O2O鲜花速递。,爱尚鲜花,455
已完成 A 轮融资,152,好厨师是一个私人厨师O2O预订服务平台，通过App可以预定私人厨师到家做饭，上海乐快信息技术有限公司旗下产品。,好厨师,456
已上市,153,"深圳市爱迪尔珠宝股份有限公司始于2002年4月正式运营,全面展开“IDEAL/爱迪尔珠宝”品牌的塑造。",爱迪尔珠宝,457
已上市,153,欧菲光是一家专注于移动互联智能终端的国际化平台型企业，正式运营始于2002年8月，2010年8月在深圳证券交易所成功上市，股票代码为002456。,欧菲光,458
已完成 B 轮融资,154,"移动互联理财平台，主要为用户提供个人理财产品——随手记相关的iphone,android客户端以及记账网站。",随手记,459
已完成天使轮融资,154,创新型的互联网金融服务公司。利用机器学习、神经网络等算法开发先进的风险计量与定价模型，全面刻画消费者的信用特征，进而提供信用决策服务，打造互联网基础信用服务平台，提供基于互联网、移动互联网行为数据的、实时、科学的信用决策服务。,徙木金融,460
已完成天使轮融资,154,被称为“手机上的AKB48”，是一个移动互联网创新娱乐互动平台，通过创新互动形态整合地面活动、平面、影视资源。,蜜娱乐,461
已完成 A 轮融资,154,"金融大数据公司。公司于2014年2月由华尔街海归与本土互联网精英联合创办，成立前已获数百万天使投资,2014年9月再获一线VC千万级投资。公司主营业务是通过基于机器学习和互联网化的风险定价，整合互联网及传统数据源，运用欧美成熟的量化方法及金融经验，帮助个人及小微企业证明经济财务等状况，从而快速获得低成本贷款，实现低息快速融资的大众普惠金融。",量化派,462
已上市,154,主打电视购物方式的电商公司，采取电视购物、网络购物、外呼购物三种模式，目前已拥有PC端电商平台、手机购物网站等渠道。,快乐购,463
已完成 B 轮融资,155,开发者服务市场，市场份额第一的推送SDK。深圳市和讯华谷信息技术有限公司旗下。,极光推送,464
已完成 A 轮融资,155,健康食品主食沙拉，华南地区最有影响力的互联网沙拉品牌。深圳鱼羊美厨网络科技有限公司旗下。,好色派沙拉,465
已完成天使轮融资,155,岩心科技主打跨境汇款支付服务，东南亚市场最大的互联网跨境汇款服务提供方。目前正做一款便捷的移动支付钱包，力求实现一个低成本的金融支付通道，干净、无欺诈的信用体系。,岩心科技,466
已完成天使轮融资,155,拱石创新致力于打造中国最专业的交易策略开发平台，以最先进的技术降低金融领域数据化投研的门槛，帮助策略研究员、交易员、投资者提高研发效率，挖掘出最优质可靠的交易策略。 ,拱石科技,467
已完成 A 轮融资,156,"一家猎头招聘及企业招聘服务商，拥有北京8,000,000+的优质活跃人才数据库，同时拥有50人的呼叫中心，每天随时动态更新简历库5万份。",51猎头,468
已完成 B 轮融资,156,定位于生活场景下的消费金融服务商，提供房屋租赁市场的金融服务，面向房东和房客间提供租房分期付款服务，通过分期按月付租金的方式解决租客资金紧缺的烦恼，也方便房东一次性收齐房租款项。,房司令,469
已完成 D 轮融资,157,钢材现货资源信息分享平台，为买家提供找货交易服务。,找钢网,470
已完成 B 轮融资,157,为塑料买卖双方提供撮合交易服务的电商平台，致力于打造成塑料原料现货交易平台。,找塑料网,471
已完成 A 轮融资,157,水果B2B在线交易平台，致力于为水果零售商和供应商搭建一个诚信交易、正品低价的服务交易平台。,微农科技,472
已完成 A 轮融资,157,EasyFlower宜花科技是一家主打订阅模式的鲜花电商服务平台，隶属于北京宜花科技有限公司。,宜花鲜花,473
已完成 B 轮融资,157,主打当铺绝当商品的购物交易网站，帮助当铺展示绝当商品、方便消费者了解检索及购买。,淘当铺,474
已完成 B 轮融资,157,优曼家纺Umanto是一个面向中高端市场的家纺品牌和垂直电商，优曼时尚(北京)科技有限公司旗下。,优曼家纺,475
已完成 B 轮融资,157,"以""浸入式学科英语""为教学法的少儿英语培训机构。引进了美国的教学理念、美国K12教育体系、""美国幼儿园""（2-6岁）、""美国小学""（7-12岁）主流核心课程体系。",贝乐学科英语,476
已完成 B 轮融资,158,一家专注于社会化媒体的技术产品型营销公司。,孔明科技,477
已完成 A 轮融资,158,一款基于SAAS服务，为应用开发者和企业提供前端性能监控和优化的创新型APM产品。,Perf365,478
已完成 B 轮融资,158,一款新闻聚合应用。所见即入口。,小知,479
已完成天使轮融资,159,维示泰克是一家专业从事个人3D打印机，3D教学仪器，3D打印耗材，三维成型产品的开发，设计，生产，销售的高科技企业。,维示泰克,480
已完成 Pre-A 轮融资,160,一款针对高校大学生的兼职平台应用，对用人企业和应聘者均建立信用机制。,兼职达人,481
已完成 C 轮融资,161,一亩田是一家主打农业的B2B信息服务及交易撮合网站，提供农产品价格数据、供应和采购对接服务、农诚通和诚信供应商等业务等，隶属于北京一人一亩田网络科技有限公司。,一亩田,482
已完成 A 轮融资,161,找煤网是一个关注煤炭交易的第三方B2B电商网站，提供煤炭供求资讯发布、煤炭现货电子交易免费蹉商、第四方物流、第三方煤炭检验和煤炭贸易融资、期现结合等服务，浙江捷贸通电子商务有限公司旗下网站。,找煤网,483
已完成 A 轮融资,161,壹财富是一家全以互联网/移动互联网为平台的创新型第三方财富管理机构，定位于“理财师的一站式服务平台”。其理财产品均为门槛在100万起步的信托、资管、阳光私募等理财产品。,壹财富,484
已完成 A 轮融资,161,上海卡考网络是一家房产服务平台，主打产品为房产销冠app，通过移动互联网创新并改造房地产行业营销环节，通过对楼盘销售的轻量化CRM系统（房产销冠APP）升级，同时打通全民经纪人分销系统（微经纪），实现外围销售系统与案场销售管理的高度契合，提高客户匹配度。,房产销冠,485
已完成 A 轮融资,162,深圳市途鸽信息有限公司是一家致力于构建全球一致旅行体验的旅行服务公司，为中国出境游人群提供全球化的旅行通信服务、互联网资讯服务和旅行增值服务。,途鸽,486
已完成 A 轮融资,162,uSens凌感科技是一家主打三维人机交互、虚拟现实技术的公司，产品有指感一体机、Impression Pi印象湃以及“凌指”三维手势识别技术等。,Usens,487
已完成 A 轮融资,162,骑摆客700Bike（柒零零）是一家主打自行车运动的媒体网站与社区服务平台，隶属于北京骑摆客科技发展有限公司。,700bike,488
已完成天使轮融资,162,TVR（Time Of Vitual Reality）是一家虚拟现实游戏开发商，目前主打产品有虚拟现实游戏《再现甲午》、《追寻》等。,TVR,489
已被并购,163,《龙之谷》是韩国网游公司Eyedentity Games开发的一款3D动作MMORPG游戏，在中国由盛大代理。,龙之谷,490
已完成天使轮融资,164,提供比赛、装备、训练资讯以及比赛报名、计时、照片及成绩查询功能。,爱燃烧,491
已完成天使轮融资,164,理想清单社交网站，产品形态为工具+社区型。其机制要求用户每天都要更新进展，否则会被封号。,念,492
已完成天使轮融资,165,"时尚,酷炫,好玩的视频直播分享社交应用,它以“事件”、“生活”、“兴趣”为基础,通过直播分享打造不同的社交圈。",易直播,493
已完成 B 轮融资,166,洋码头是一家跨国购物电子商务服务商，帮助国内消费者进行海外购物。隶属于上海洋码头网络技术有限公司，旗下有移动APP海外扫货神器等。,洋码头,494
已上市,166,宝尊电商是一家第三方电子商务服务商，致力于帮助品牌和零售商提供电商代运营服务，目前提供从前端到后端的全套电商服务，包括网站搭建、更新及托管，IT设施搭建，客户服务，仓储物流服务以及数字营销等。,宝尊电商,495
已完成 A 轮融资,167,诺亚易捷金融是一家互联网金融领域的创业公司，主要为白领精英提供财富管理服务。,员工宝,496
Pre-IPO,167,广东优迈信息通信股份有限公司（简称“优迈信通”），作为国内首家金融互联网运营商，开创的互联网交易型银行平台，通过互联网、大数据和云计算技术进行运营支撑，将银行由传统资金中介“脱媒”为金融信息中介，攻克了中小企业在银行融资贵、融资慢、融资难等问题，真正意义上实现了普惠金融。,优迈信通,497
已完成 D 轮融资,167,中银消费金融公司成立于2010年6月，由中国银行、百联集团、上海陆家嘴金融发展有限公司合资组建。是全国首批试点消费金融公司，也是上海第一家消费金融公司。,中银消费,498
已完成 B 轮融资,168,面向建筑行业的B2B信息服务平台，提供该行业资讯、招投标、价格信息及撮合服务等。,领建网络,499
已完成 A 轮融资,168,以兴趣爱好为核心、面向中高收入人群的的主题旅游平台。,爱玩,500
已完成天使轮融资,170,蜂蜜笔记是一款碎片化知识管理应用，可以将日常学习和移动阅读中采集的碎片化信息转化为结构化的知识，并和朋友分享。,蜂蜜笔记,501
已完成天使轮融资,170,毛遂网是一个专业为大学生和白领寻找兼职工作的平台，同时也为寻找兼职人员的企业(目前以劳动密集型服务行业用人单位为主)提供全方位的面试服务招聘。目前的主营业务是面试服务及派遣服务。,毛遂网,502
已完成 A 轮融资,170,深圳小满科技是一家外贸B2B解决方案解决方案服务商，旗下产品有锦云外贸管理专家、移动建站服务等。,小满科技,503
已完成 B 轮融资,171,沈阳四维数码科技有限公司是国内领先的立体制片和设备制造商，全球领先、独创的平面影像转立体影像的开发商。公司拥有全球领先的光维立体影像“4D技术”。,四维数码,504
已完成 B 轮融资,171,北京博曼迪汽车科技有限公司是国内最领先的汽车发动机管理系统集成商。,博曼迪,505
已完成天使轮融资,172,悄悄是一个匿名社交网络，与好友匿名分享秘密。,悄悄,506
已被并购,173,PP助手是一个第三方苹果设备管理软件，支持iPhone、iPad等苹果设备资源下载安装和管理，广州铁人网络科技有限公司旗下。,PP助手,507
已完成 D 轮融资,173,51信用卡是一个实用的信用卡管理工具及理财服务平台，由杭州恩牛网络技术有限公司开发，旗下还有51信用卡优惠、51记账、51银行卡保险箱系列app，基于商户和用户行为的大数据为生活服务O2O业务提供数据和平台服务。,51信用卡,508
已上市,173,500万彩票网是一家互联网彩票交易平台，深圳市易讯天空网络技术有限公司旗下。,500万彩票网,509
已上市,174,汽车租赁服务商。提供短租、长租及融资租赁等专业化的汽车租赁服务，以及GPS 导航、道路救援等完善的配套服务。,神州租车,510
已上市,174,中国网络出版的开创者之一，中文数字出版服务领导者。,北京中文在线,511
已完成 D 轮融资,176,图搜天下是一家企业软件服务商，为企业销售人员、外勤业务员等提供移动端的工具产品，隶属于图搜天下（北京）科技有限公司。,图搜天下,512
已完成 D 轮以上融资,176,酒仙网是一个专业电子商务B2C酒水连锁零售网站，借助于现代电子商务平台主力从事酒类高档消费品的销售服务，主营进口高档洋酒、红葡萄酒、国产中高档白酒、葡萄酒、花雕酒等。,酒仙网,513
已完成 C 轮融资,176,南京睿悦信息技术有限公司是一家游戏手柄设备及软件开发商，主打产品为Nibiru游戏手柄。,睿悦信息,514
已完成天使轮融资,177,拎包客是一个集居住、创业办公、交友、娱乐为一体的青年社区，楼下休闲咖啡厅、影视厅、健身房、台球室、采访室、洗衣中心，让你的创业生活更加丰富精彩。,拎包客,515
已被并购,178,基于运动的垂直社交网络平台，推出益动跑步、益动滑雪、益动骑行频道，益动GPS移动应用。,谊动,516
已完成 A 轮融资,179,Ninebot纳恩博（此前叫风行者）是一个自平衡车及短途代步工具，由纳恩博(天津)科技有限公司开发者，提供集生产、销售、服务于一体的智能代步设备运营服务。,ninebot,517
已完成天使轮融资,179,整合众多主流快递企业资源，提供第三方查快递、发快递、管快递服务的互联网入口平台。,指尖快递,518
已完成 B 轮融资,179,在线外卖订餐服务平台，提供供订位、订餐、支付、配送等一站式服务，旗下产品包括：面对B端餐饮商户的聚网客和E代送；面向C端用户的易淘食外卖。,易淘食,519
已完成天使轮融资,180,上海东方梦工厂影视技术有限公司的简称，以自营及合作的形式，启动动画技术研发、动画影视制作、版权发行、衍生产品、演艺娱乐、数码游戏、主题乐园等多个业务领域。,东方梦工厂,520
已完成天使轮融资,180,专业从事水下机器人研发的高科技企业，围绕海洋资源探测和海洋环境监测两大主题面向社会提供自主水下航行器、水下滑翔机以及缆控水下机器人等小型水下运动载体的相关技术解决方案和产品。,天津深之蓝,521
